time,d0_x,d0_y,d0_z,d0_state,d1_x,d1_y,d1_z,d1_state,d2_x,d2_y,d2_z,d2_state,d3_x,d3_y,d3_z,d3_state,d4_x,d4_y,d4_z,d4_state,d5_x,d5_y,d5_z,d5_state,d6_x,d6_y,d6_z,d6_state,d7_x,d7_y,d7_z,d7_state,d8_x,d8_y,d8_z,d8_state,d9_x,d9_y,d9_z,d9_state,d10_x,d10_y,d10_z,d10_state,d11_x,d11_y,d11_z,d11_state,d12_x,d12_y,d12_z,d12_state,d13_x,d13_y,d13_z,d13_state,d14_x,d14_y,d14_z,d14_state,d15_x,d15_y,d15_z,d15_state,d16_x,d16_y,d16_z,d16_state,d17_x,d17_y,d17_z,d17_state,d18_x,d18_y,d18_z,d18_state,d19_x,d19_y,d19_z,d19_state,d20_x,d20_y,d20_z,d20_state,d21_x,d21_y,d21_z,d21_state,d22_x,d22_y,d22_z,d22_state,d23_x,d23_y,d23_z,d23_state,d24_x,d24_y,d24_z,d24_state,d25_x,d25_y,d25_z,d25_state,d26_x,d26_y,d26_z,d26_state,d27_x,d27_y,d27_z,d27_state,d28_x,d28_y,d28_z,d28_state,d29_x,d29_y,d29_z,d29_state,d30_x,d30_y,d30_z,d30_state,d31_x,d31_y,d31_z,d31_state,d32_x,d32_y,d32_z,d32_state,d33_x,d33_y,d33_z,d33_state,d34_x,d34_y,d34_z,d34_state,d35_x,d35_y,d35_z,d35_state,d36_x,d36_y,d36_z,d36_state,d37_x,d37_y,d37_z,d37_state,d38_x,d38_y,d38_z,d38_state,d39_x,d39_y,d39_z,d39_state,d40_x,d40_y,d40_z,d40_state,d41_x,d41_y,d41_z,d41_state,d42_x,d42_y,d42_z,d42_state,d43_x,d43_y,d43_z,d43_state,d44_x,d44_y,d44_z,d44_state,d45_x,d45_y,d45_z,d45_state,d46_x,d46_y,d46_z,d46_state,d47_x,d47_y,d47_z,d47_state,d48_x,d48_y,d48_z,d48_state,d49_x,d49_y,d49_z,d49_state,d50_x,d50_y,d50_z,d50_state,d51_x,d51_y,d51_z,d51_state,d52_x,d52_y,d52_z,d52_state,d53_x,d53_y,d53_z,d53_state,d54_x,d54_y,d54_z,d54_state,d55_x,d55_y,d55_z,d55_state,d56_x,d56_y,d56_z,d56_state,d57_x,d57_y,d57_z,d57_state,d58_x,d58_y,d58_z,d58_state,d59_x,d59_y,d59_z,d59_state,d60_x,d60_y,d60_z,d60_state,d61_x,d61_y,d61_z,d61_state,d62_x,d62_y,d62_z,d62_state,d63_x,d63_y,d63_z,d63_state,d64_x,d64_y,d64_z,d64_state,d65_x,d65_y,d65_z,d65_state,d66_x,d66_y,d66_z,d66_state,d67_x,d67_y,d67_z,d67_state,d68_x,d68_y,d68_z,d68_state,d69_x,d69_y,d69_z,d69_state,d70_x,d70_y,d70_z,d70_state,d71_x,d71_y,d71_z,d71_state,d72_x,d72_y,d72_z,d72_state,d73_x,d73_y,d73_z,d73_state,d74_x,d74_y,d74_z,d74_state,d75_x,d75_y,d75_z,d75_state,d76_x,d76_y,d76_z,d76_state,d77_x,d77_y,d77_z,d77_state,d78_x,d78_y,d78_z,d78_state,d79_x,d79_y,d79_z,d79_state,d80_x,d80_y,d80_z,d80_state,d81_x,d81_y,d81_z,d81_state,d82_x,d82_y,d82_z,d82_state,d83_x,d83_y,d83_z,d83_state,d84_x,d84_y,d84_z,d84_state
0.000,1.4000,1.1338,12.6000,NORMAIL,1.4000,1.1339,15.6000,NORMAIL,1.4000,1.1339,18.6000,NORMAIL,1.4000,1.1339,21.6000,NORMAIL,1.4000,1.1339,24.6000,NORMAIL,1.4000,1.1339,27.6000,NORMAIL,1.4000,1.1340,30.6000,NORMAIL,1.4000,1.1339,33.6000,NORMAIL,1.4000,1.1339,36.6000,NORMAIL,1.4000,1.1338,39.6000,NORMAIL,-1.6000,1.1340,33.6000,NORMAIL,-1.6000,1.1341,12.6000,NORMAIL,-1.6000,1.1341,15.6000,NORMAIL,-1.6000,1.1340,18.6000,NORMAIL,-1.6000,1.1340,21.6000,NORMAIL,-1.6000,1.1341,24.6000,NORMAIL,-1.6000,1.1340,27.6000,NORMAIL,-1.6000,1.1341,30.6000,NORMAIL,-1.6000,1.1340,36.6000,NORMAIL,-1.6000,1.1340,39.6000,NORMAIL,-4.6000,1.1342,12.6000,NORMAIL,-4.6000,1.1341,15.6000,NORMAIL,-4.6000,1.1341,18.6000,NORMAIL,-4.6000,1.1342,21.6000,NORMAIL,-4.6000,1.1342,24.6000,NORMAIL,-4.6000,1.1342,27.6000,NORMAIL,-4.6000,1.1342,30.6000,NORMAIL,-4.6000,1.1342,33.6000,NORMAIL,-4.6000,1.1343,36.6000,NORMAIL,-4.6000,1.1342,39.6000,NORMAIL,-7.6000,1.1343,12.6000,NORMAIL,-7.6000,1.1343,15.6000,NORMAIL,-7.6000,1.1343,18.6000,NORMAIL,-7.6000,1.1343,21.6000,NORMAIL,-7.6000,1.1344,24.6000,NORMAIL,-7.6000,1.1344,27.6000,NORMAIL,-7.6000,1.1344,30.6000,NORMAIL,-7.6000,1.1343,33.6000,NORMAIL,-7.6000,1.1343,36.6000,NORMAIL,-7.6000,1.1344,39.6000,NORMAIL,-10.6000,1.1344,12.6000,NORMAIL,-10.6000,1.1345,15.6000,NORMAIL,-10.6000,1.1345,18.6000,NORMAIL,-10.6000,1.1345,21.6000,NORMAIL,-10.6000,1.1344,24.6000,NORMAIL,-10.6000,1.1345,27.6000,NORMAIL,-10.6000,1.1345,30.6000,NORMAIL,-10.6000,1.1345,33.6000,NORMAIL,-10.6000,1.1345,36.6000,NORMAIL,-10.6000,1.1344,39.6000,NORMAIL,-13.6000,1.1346,12.6000,NORMAIL,-13.6000,1.1347,15.6000,NORMAIL,-13.6000,1.1346,18.6000,NORMAIL,-13.6000,1.1346,21.6000,NORMAIL,-13.6000,1.1346,24.6000,NORMAIL,-13.6000,1.1345,27.6000,NORMAIL,-13.6000,1.1347,30.6000,NORMAIL,-13.6000,1.1346,33.6000,NORMAIL,-13.6000,1.1346,36.6000,NORMAIL,-13.6000,1.1346,39.6000,NORMAIL,-16.6000,1.1348,12.6000,NORMAIL,-16.6000,1.1347,15.6000,NORMAIL,-16.6000,1.1348,18.6000,NORMAIL,-16.6000,1.1348,21.6000,NORMAIL,-16.6000,1.1347,24.6000,NORMAIL,-16.6000,1.1347,27.6000,NORMAIL,-16.6000,1.1347,30.6000,NORMAIL,-16.6000,1.1348,33.6000,NORMAIL,-16.6000,1.1348,36.6000,NORMAIL,-16.6000,1.1347,39.6000,NORMAIL,-19.6000,1.1349,12.6000,NORMAIL,-19.6000,1.1348,15.6000,NORMAIL,-19.6000,1.1349,18.6000,NORMAIL,-19.6000,1.1349,21.6000,NORMAIL,-19.6000,1.1348,24.6000,NORMAIL,-19.6000,1.1349,27.6000,NORMAIL,-19.6000,1.1349,30.6000,NORMAIL,-19.6000,1.1349,33.6000,NORMAIL,-19.6000,1.1349,36.6000,NORMAIL,-19.6000,1.1349,39.6000,NORMAIL,-22.6000,1.1341,21.1700,NORMAIL,-22.6000,1.1348,24.1700,NORMAIL,-22.6000,1.1339,27.1700,NORMAIL,-22.6000,1.1344,30.1700,NORMAIL,-22.6000,1.1346,33.1700,NORMAIL
0.500,1.4000,5.8008,12.6000,FOLLOW,1.4000,5.8009,15.6000,FOLLOW,1.4000,5.8009,18.6000,FOLLOW,1.4000,5.8009,21.6000,FOLLOW,1.4000,5.8009,24.6000,FOLLOW,1.4000,5.8009,27.6000,FOLLOW,1.4000,5.8009,30.6000,FOLLOW,1.4000,5.8008,33.6000,FOLLOW,1.4000,5.8009,36.6000,FOLLOW,1.4000,5.8008,39.6000,FOLLOW,-1.6000,5.8010,33.6000,FOLLOW,-1.6000,5.8011,12.6000,FOLLOW,-1.6000,5.8010,15.6000,FOLLOW,-1.6000,5.8010,18.6000,FOLLOW,-1.6000,5.8010,21.6000,FOLLOW,-1.6000,5.8010,24.6000,FOLLOW,-1.6000,5.8010,27.6000,FOLLOW,-1.6000,5.8011,30.6000,FOLLOW,-1.6000,5.8010,36.6000,FOLLOW,-1.6000,5.8010,39.6000,FOLLOW,-4.6000,5.8011,12.6000,FOLLOW,-4.6000,5.8011,15.6000,FOLLOW,-4.6000,5.8011,18.6000,FOLLOW,-4.6000,5.8011,21.6000,FOLLOW,-4.6000,5.8012,24.6000,FOLLOW,-4.6000,5.8011,27.6000,FOLLOW,-4.6000,5.8012,30.6000,FOLLOW,-4.6000,5.8012,33.6000,FOLLOW,-4.6000,5.8012,36.6000,FOLLOW,-4.6000,5.8012,39.6000,FOLLOW,-7.6000,5.8012,12.6000,FOLLOW,-7.6000,5.8012,15.6000,FOLLOW,-7.6000,5.8013,18.6000,FOLLOW,-7.6000,5.8013,21.6000,FOLLOW,-7.6000,5.8013,24.6000,FOLLOW,-7.6000,5.8013,27.6000,FOLLOW,-7.6000,5.8013,30.6000,FOLLOW,-7.6000,5.8013,33.6000,FOLLOW,-7.6000,5.8012,36.6000,FOLLOW,-7.6000,5.8013,39.6000,FOLLOW,-10.6000,5.8014,12.6000,FOLLOW,-10.6000,5.8014,15.6000,FOLLOW,-10.6000,5.8014,18.6000,FOLLOW,-10.6000,5.8014,21.6000,FOLLOW,-10.6000,5.8014,24.6000,FOLLOW,-10.6000,5.8015,27.6000,FOLLOW,-10.6000,5.8014,30.6000,FOLLOW,-10.6000,5.8014,33.6000,FOLLOW,-10.6000,5.8015,36.6000,FOLLOW,-10.6000,5.8014,39.6000,FOLLOW,-13.6000,5.8016,12.6000,FOLLOW,-13.6000,5.8016,15.6000,FOLLOW,-13.6000,5.8015,18.6000,FOLLOW,-13.6000,5.8015,21.6000,FOLLOW,-13.6000,5.8015,24.6000,FOLLOW,-13.6000,5.8015,27.6000,FOLLOW,-13.6000,5.8016,30.6000,FOLLOW,-13.6000,5.8015,33.6000,FOLLOW,-13.6000,5.8016,36.6000,FOLLOW,-13.6000,5.8015,39.6000,FOLLOW,-16.6000,5.8017,12.6000,FOLLOW,-16.6000,5.8016,15.6000,FOLLOW,-16.6000,5.8017,18.6000,FOLLOW,-16.6000,5.8017,21.6000,FOLLOW,-16.6000,5.8017,24.6000,FOLLOW,-16.6000,5.8016,27.6000,FOLLOW,-16.6000,5.8016,30.6000,FOLLOW,-16.6000,5.8017,33.6000,FOLLOW,-16.6000,5.8017,36.6000,FOLLOW,-16.6000,5.8016,39.6000,FOLLOW,-19.6000,5.8020,12.6000,FOLLOW,-19.6000,5.8018,15.6000,FOLLOW,-19.6000,5.8022,18.6000,FOLLOW,-19.6000,5.8018,21.6000,FOLLOW,-19.6000,5.8018,24.6000,FOLLOW,-19.6000,5.8022,27.6000,FOLLOW,-19.6000,5.8019,30.6000,FOLLOW,-19.6000,5.8020,33.6000,FOLLOW,-19.6000,5.8021,36.6000,FOLLOW,-19.6000,5.8022,39.6000,FOLLOW,-22.6000,5.8007,21.2562,FOLLOW,-22.6000,5.8015,24.2562,FOLLOW,-22.6000,5.8003,27.2562,FOLLOW,-22.6000,5.8010,30.2562,FOLLOW,-22.6000,5.8013,33.2562,FOLLOW
1.000,1.4000,9.3312,12.6000,FOLLOW,1.4000,9.3312,15.6000,FOLLOW,1.4000,9.3312,18.6000,FOLLOW,1.4000,9.3312,21.6000,FOLLOW,1.4000,9.3312,24.6000,FOLLOW,1.4000,9.3312,27.6000,FOLLOW,1.4000,9.3312,30.6000,FOLLOW,1.4000,9.3312,33.6000,FOLLOW,1.4000,9.3312,36.6000,FOLLOW,1.4000,9.3312,39.6000,FOLLOW,-1.6000,9.3313,33.6000,FOLLOW,-1.6000,9.3313,12.6000,FOLLOW,-1.6000,9.3313,15.6000,FOLLOW,-1.6000,9.3313,18.6000,FOLLOW,-1.6000,9.3312,21.6000,FOLLOW,-1.6000,9.3313,24.6000,FOLLOW,-1.6000,9.3313,27.6000,FOLLOW,-1.6000,9.3313,30.6000,FOLLOW,-1.6000,9.3313,36.6000,FOLLOW,-1.6000,9.3313,39.6000,FOLLOW,-4.6000,9.3314,12.6000,FOLLOW,-4.6000,9.3313,15.6000,FOLLOW,-4.6000,9.3313,18.6000,FOLLOW,-4.6000,9.3314,21.6000,FOLLOW,-4.6000,9.3314,24.6000,FOLLOW,-4.6000,9.3313,27.6000,FOLLOW,-4.6000,9.3314,30.6000,FOLLOW,-4.6000,9.3314,33.6000,FOLLOW,-4.6000,9.3314,36.6000,FOLLOW,-4.6000,9.3314,39.6000,FOLLOW,-7.6000,9.3314,12.6000,FOLLOW,-7.6000,9.3314,15.6000,FOLLOW,-7.6000,9.3314,18.6000,FOLLOW,-7.6000,9.3314,21.6000,FOLLOW,-7.6000,9.3315,24.6000,FOLLOW,-7.6000,9.3315,27.6000,FOLLOW,-7.6000,9.3315,30.6000,FOLLOW,-7.6000,9.3314,33.6000,FOLLOW,-7.6000,9.3314,36.6000,FOLLOW,-7.6000,9.3315,39.6000,FOLLOW,-10.6000,9.3315,12.6000,FOLLOW,-10.6000,9.3315,15.6000,FOLLOW,-10.6000,9.3315,18.6000,FOLLOW,-10.6000,9.3315,21.6000,FOLLOW,-10.6000,9.3315,24.6000,FOLLOW,-10.6000,9.3316,27.6000,FOLLOW,-10.6000,9.3315,30.6000,FOLLOW,-10.6000,9.3315,33.6000,FOLLOW,-10.6000,9.3316,36.6000,FOLLOW,-10.6000,9.3315,39.6000,FOLLOW,-13.6000,9.3316,12.6000,FOLLOW,-13.6000,9.3316,15.6000,FOLLOW,-13.6000,9.3316,18.6000,FOLLOW,-13.6000,9.3316,21.6000,FOLLOW,-13.6000,9.3316,24.6000,FOLLOW,-13.6000,9.3316,27.6000,FOLLOW,-13.6000,9.3316,30.6000,FOLLOW,-13.6000,9.3316,33.6000,FOLLOW,-13.6000,9.3316,36.6000,FOLLOW,-13.6000,9.3316,39.6000,FOLLOW,-16.6000,9.3317,12.6000,FOLLOW,-16.6000,9.3317,15.6000,FOLLOW,-16.6000,9.3317,18.6000,FOLLOW,-16.6000,9.3317,21.6000,FOLLOW,-16.6000,9.3317,24.6000,FOLLOW,-16.6000,9.3316,27.6000,FOLLOW,-16.6000,9.3317,30.6000,FOLLOW,-16.6000,9.3317,33.6000,FOLLOW,-16.6000,9.3317,36.6000,FOLLOW,-16.6000,9.3316,39.6000,FOLLOW,-19.6000,9.3319,12.6000,FOLLOW,-19.6000,9.3317,15.6000,FOLLOW,-19.6000,9.3320,18.6000,FOLLOW,-19.6000,9.3318,21.6000,FOLLOW,-19.6000,9.3318,24.6000,FOLLOW,-19.6000,9.3320,27.6000,FOLLOW,-19.6000,9.3318,30.6000,FOLLOW,-19.6000,9.3318,33.6000,FOLLOW,-19.6000,9.3319,36.6000,FOLLOW,-19.6000,9.3320,39.6000,FOLLOW,-22.6000,9.3311,21.3211,FOLLOW,-22.6000,9.3316,24.3211,FOLLOW,-22.6000,9.3309,27.3211,FOLLOW,-22.6000,9.3313,30.3211,FOLLOW,-22.6000,9.3315,33.3211,FOLLOW
1.500,1.4000,11.4616,12.6000,FOLLOW,1.4000,11.4616,15.6000,FOLLOW,1.4000,11.4616,18.6000,FOLLOW,1.4000,11.4616,21.6000,FOLLOW,1.4000,11.4616,24.6000,FOLLOW,1.4000,11.4616,27.6000,FOLLOW,1.4000,11.4617,30.6000,FOLLOW,1.4000,11.4616,33.6000,FOLLOW,1.4000,11.4616,36.6000,FOLLOW,1.4000,11.4616,39.6000,FOLLOW,-1.6000,11.4617,33.6000,FOLLOW,-1.6000,11.4617,12.6000,FOLLOW,-1.6000,11.4617,15.6000,FOLLOW,-1.6000,11.4617,18.6000,FOLLOW,-1.6000,11.4617,21.6000,FOLLOW,-1.6000,11.4617,24.6000,FOLLOW,-1.6000,11.4617,27.6000,FOLLOW,-1.6000,11.4617,30.6000,FOLLOW,-1.6000,11.4617,36.6000,FOLLOW,-1.6000,11.4617,39.6000,FOLLOW,-4.6000,11.4617,12.6000,FOLLOW,-4.6000,11.4617,15.6000,FOLLOW,-4.6000,11.4617,18.6000,FOLLOW,-4.6000,11.4617,21.6000,FOLLOW,-4.6000,11.4617,24.6000,FOLLOW,-4.6000,11.4617,27.6000,FOLLOW,-4.6000,11.4617,30.6000,FOLLOW,-4.6000,11.4617,33.6000,FOLLOW,-4.6000,11.4617,36.6000,FOLLOW,-4.6000,11.4617,39.6000,FOLLOW,-7.6000,11.4618,12.6000,FOLLOW,-7.6000,11.4618,15.6000,FOLLOW,-7.6000,11.4618,18.6000,FOLLOW,-7.6000,11.4618,21.6000,FOLLOW,-7.6000,11.4618,24.6000,FOLLOW,-7.6000,11.4618,27.6000,FOLLOW,-7.6000,11.4618,30.6000,FOLLOW,-7.6000,11.4618,33.6000,FOLLOW,-7.6000,11.4618,36.6000,FOLLOW,-7.6000,11.4618,39.6000,FOLLOW,-10.6000,11.4618,12.6000,FOLLOW,-10.6000,11.4618,15.6000,FOLLOW,-10.6000,11.4618,18.6000,FOLLOW,-10.6000,11.4618,21.6000,FOLLOW,-10.6000,11.4618,24.6000,FOLLOW,-10.6000,11.4618,27.6000,FOLLOW,-10.6000,11.4618,30.6000,FOLLOW,-10.6000,11.4618,33.6000,FOLLOW,-10.6000,11.4618,36.6000,FOLLOW,-10.6000,11.4618,39.6000,FOLLOW,-13.6000,11.4619,12.6000,FOLLOW,-13.6000,11.4619,15.6000,FOLLOW,-13.6000,11.4619,18.6000,FOLLOW,-13.6000,11.4619,21.6000,FOLLOW,-13.6000,11.4619,24.6000,FOLLOW,-13.6000,11.4618,27.6000,FOLLOW,-13.6000,11.4619,30.6000,FOLLOW,-13.6000,11.4619,33.6000,FOLLOW,-13.6000,11.4619,36.6000,FOLLOW,-13.6000,11.4619,39.6000,FOLLOW,-16.6000,11.4619,12.6000,FOLLOW,-16.6000,11.4619,15.6000,FOLLOW,-16.6000,11.4619,18.6000,FOLLOW,-16.6000,11.4619,21.6000,FOLLOW,-16.6000,11.4619,24.6000,FOLLOW,-16.6000,11.4619,27.6000,FOLLOW,-16.6000,11.4619,30.6000,FOLLOW,-16.6000,11.4619,33.6000,FOLLOW,-16.6000,11.4619,36.6000,FOLLOW,-16.6000,11.4619,39.6000,FOLLOW,-19.6000,11.4620,12.6000,FOLLOW,-19.6000,11.4620,15.6000,FOLLOW,-19.6000,11.4621,18.6000,FOLLOW,-19.6000,11.4620,21.6000,FOLLOW,-19.6000,11.4620,24.6000,FOLLOW,-19.6000,11.4621,27.6000,FOLLOW,-19.6000,11.4620,30.6000,FOLLOW,-19.6000,11.4620,33.6000,FOLLOW,-19.6000,11.4621,36.6000,FOLLOW,-19.6000,11.4621,39.6000,FOLLOW,-22.6000,11.4616,21.3603,FOLLOW,-22.6000,11.4619,24.3603,FOLLOW,-22.6000,11.4614,27.3603,FOLLOW,-22.6000,11.4617,30.3603,FOLLOW,-22.6000,11.4618,33.3603,FOLLOW
2.000,1.4000,12.7864,12.6000,FOLLOW,1.4000,12.7864,15.6000,FOLLOW,1.4000,12.7864,18.6000,FOLLOW,1.4000,12.7864,21.6000,FOLLOW,1.4000,12.7864,24.6000,FOLLOW,1.4000,12.7864,27.6000,FOLLOW,1.4000,12.7864,30.6000,FOLLOW,1.4000,12.7864,33.6000,FOLLOW,1.4000,12.7864,36.6000,FOLLOW,1.4000,12.7864,39.6000,FOLLOW,-1.6000,12.7864,33.6000,FOLLOW,-1.6000,12.7864,12.6000,FOLLOW,-1.6000,12.7864,15.6000,FOLLOW,-1.6000,12.7864,18.6000,FOLLOW,-1.6000,12.7864,21.6000,FOLLOW,-1.6000,12.7864,24.6000,FOLLOW,-1.6000,12.7864,27.6000,FOLLOW,-1.6000,12.7864,30.6000,FOLLOW,-1.6000,12.7864,36.6000,FOLLOW,-1.6000,12.7864,39.6000,FOLLOW,-4.6000,12.7865,12.6000,FOLLOW,-4.6000,12.7864,15.6000,FOLLOW,-4.6000,12.7864,18.6000,FOLLOW,-4.6000,12.7865,21.6000,FOLLOW,-4.6000,12.7865,24.6000,FOLLOW,-4.6000,12.7864,27.6000,FOLLOW,-4.6000,12.7865,30.6000,FOLLOW,-4.6000,12.7865,33.6000,FOLLOW,-4.6000,12.7865,36.6000,FOLLOW,-4.6000,12.7865,39.6000,FOLLOW,-7.6000,12.7865,12.6000,FOLLOW,-7.6000,12.7865,15.6000,FOLLOW,-7.6000,12.7865,18.6000,FOLLOW,-7.6000,12.7865,21.6000,FOLLOW,-7.6000,12.7865,24.6000,FOLLOW,-7.6000,12.7865,27.6000,FOLLOW,-7.6000,12.7865,30.6000,FOLLOW,-7.6000,12.7865,33.6000,FOLLOW,-7.6000,12.7865,36.6000,FOLLOW,-7.6000,12.7865,39.6000,FOLLOW,-10.6000,12.7865,12.6000,FOLLOW,-10.6000,12.7865,15.6000,FOLLOW,-10.6000,12.7865,18.6000,FOLLOW,-10.6000,12.7865,21.6000,FOLLOW,-10.6000,12.7865,24.6000,FOLLOW,-10.6000,12.7865,27.6000,FOLLOW,-10.6000,12.7865,30.6000,FOLLOW,-10.6000,12.7865,33.6000,FOLLOW,-10.6000,12.7865,36.6000,FOLLOW,-10.6000,12.7865,39.6000,FOLLOW,-13.6000,12.7865,12.6000,FOLLOW,-13.6000,12.7866,15.6000,FOLLOW,-13.6000,12.7865,18.6000,FOLLOW,-13.6000,12.7865,21.6000,FOLLOW,-13.6000,12.7865,24.6000,FOLLOW,-13.6000,12.7865,27.6000,FOLLOW,-13.6000,12.7865,30.6000,FOLLOW,-13.6000,12.7865,33.6000,FOLLOW,-13.6000,12.7865,36.6000,FOLLOW,-13.6000,12.7865,39.6000,FOLLOW,-16.6000,12.7866,12.6000,FOLLOW,-16.6000,12.7866,15.6000,FOLLOW,-16.6000,12.7866,18.6000,FOLLOW,-16.6000,12.7866,21.6000,FOLLOW,-16.6000,12.7866,24.6000,FOLLOW,-16.6000,12.7866,27.6000,FOLLOW,-16.6000,12.7866,30.6000,FOLLOW,-16.6000,12.7866,33.6000,FOLLOW,-16.6000,12.7866,36.6000,FOLLOW,-16.6000,12.7866,39.6000,FOLLOW,-19.6000,12.7866,12.6000,FOLLOW,-19.6000,12.7866,15.6000,FOLLOW,-19.6000,12.7867,18.6000,FOLLOW,-19.6000,12.7866,21.6000,FOLLOW,-19.6000,12.7866,24.6000,FOLLOW,-19.6000,12.7867,27.6000,FOLLOW,-19.6000,12.7866,30.6000,FOLLOW,-19.6000,12.7866,33.6000,FOLLOW,-19.6000,12.7867,36.6000,FOLLOW,-19.6000,12.7867,39.6000,FOLLOW,-22.6000,12.7864,21.3847,FOLLOW,-22.6000,12.7865,24.3847,FOLLOW,-22.6000,12.7863,27.3847,FOLLOW,-22.6000,12.7864,30.3847,FOLLOW,-22.6000,12.7865,33.3847,FOLLOW
2.500,1.4000,13.5467,12.6000,FOLLOW,1.4000,13.5467,15.6000,FOLLOW,1.4000,13.5467,18.6000,FOLLOW,1.4000,13.5467,21.6000,FOLLOW,1.4000,13.5467,24.6000,FOLLOW,1.4000,13.5467,27.6000,FOLLOW,1.4000,13.5467,30.6000,FOLLOW,1.4000,13.5467,33.6000,FOLLOW,1.4000,13.5467,36.6000,FOLLOW,1.4000,13.5467,39.6000,FOLLOW,-1.6000,13.5467,33.6000,FOLLOW,-1.6000,13.5467,12.6000,FOLLOW,-1.6000,13.5467,15.6000,FOLLOW,-1.6000,13.5467,18.6000,FOLLOW,-1.6000,13.5467,21.6000,FOLLOW,-1.6000,13.5467,24.6000,FOLLOW,-1.6000,13.5467,27.6000,FOLLOW,-1.6000,13.5467,30.6000,FOLLOW,-1.6000,13.5467,36.6000,FOLLOW,-1.6000,13.5467,39.6000,FOLLOW,-4.6000,13.5467,12.6000,FOLLOW,-4.6000,13.5467,15.6000,FOLLOW,-4.6000,13.5467,18.6000,FOLLOW,-4.6000,13.5468,21.6000,FOLLOW,-4.6000,13.5468,24.6000,FOLLOW,-4.6000,13.5467,27.6000,FOLLOW,-4.6000,13.5468,30.6000,FOLLOW,-4.6000,13.5468,33.6000,FOLLOW,-4.6000,13.5468,36.6000,FOLLOW,-4.6000,13.5468,39.6000,FOLLOW,-7.6000,13.5468,12.6000,FOLLOW,-7.6000,13.5468,15.6000,FOLLOW,-7.6000,13.5468,18.6000,FOLLOW,-7.6000,13.5468,21.6000,FOLLOW,-7.6000,13.5468,24.6000,FOLLOW,-7.6000,13.5468,27.6000,FOLLOW,-7.6000,13.5468,30.6000,FOLLOW,-7.6000,13.5468,33.6000,FOLLOW,-7.6000,13.5468,36.6000,FOLLOW,-7.6000,13.5468,39.6000,FOLLOW,-10.6000,13.5468,12.6000,FOLLOW,-10.6000,13.5468,15.6000,FOLLOW,-10.6000,13.5468,18.6000,FOLLOW,-10.6000,13.5468,21.6000,FOLLOW,-10.6000,13.5468,24.6000,FOLLOW,-10.6000,13.5468,27.6000,FOLLOW,-10.6000,13.5468,30.6000,FOLLOW,-10.6000,13.5468,33.6000,FOLLOW,-10.6000,13.5468,36.6000,FOLLOW,-10.6000,13.5468,39.6000,FOLLOW,-13.6000,13.5468,12.6000,FOLLOW,-13.6000,13.5468,15.6000,FOLLOW,-13.6000,13.5468,18.6000,FOLLOW,-13.6000,13.5468,21.6000,FOLLOW,-13.6000,13.5468,24.6000,FOLLOW,-13.6000,13.5468,27.6000,FOLLOW,-13.6000,13.5468,30.6000,FOLLOW,-13.6000,13.5468,33.6000,FOLLOW,-13.6000,13.5468,36.6000,FOLLOW,-13.6000,13.5468,39.6000,FOLLOW,-16.6000,13.5468,12.6000,FOLLOW,-16.6000,13.5468,15.6000,FOLLOW,-16.6000,13.5468,18.6000,FOLLOW,-16.6000,13.5468,21.6000,FOLLOW,-16.6000,13.5468,24.6000,FOLLOW,-16.6000,13.5468,27.6000,FOLLOW,-16.6000,13.5468,30.6000,FOLLOW,-16.6000,13.5468,33.6000,FOLLOW,-16.6000,13.5468,36.6000,FOLLOW,-16.6000,13.5468,39.6000,FOLLOW,-19.6000,13.5469,12.6000,FOLLOW,-19.6000,13.5468,15.6000,FOLLOW,-19.6000,13.5469,18.6000,FOLLOW,-19.6000,13.5468,21.6000,FOLLOW,-19.6000,13.5468,24.6000,FOLLOW,-19.6000,13.5469,27.6000,FOLLOW,-19.6000,13.5468,30.6000,FOLLOW,-19.6000,13.5469,33.6000,FOLLOW,-19.6000,13.5469,36.6000,FOLLOW,-19.6000,13.5469,39.6000,FOLLOW,-22.6000,13.5467,21.3987,FOLLOW,-22.6000,13.5468,24.3987,FOLLOW,-22.6000,13.5466,27.3987,FOLLOW,-22.6000,13.5467,30.3987,FOLLOW,-22.6000,13.5468,33.3987,FOLLOW
3.000,1.4000,14.0055,12.6000,COMPLED,1.4000,14.0055,15.6000,COMPLED,1.4000,14.0055,18.6000,COMPLED,1.4000,14.0055,21.6000,COMPLED,1.4000,14.0055,24.6000,COMPLED,1.4000,14.0055,27.6000,COMPLED,1.4000,14.0055,30.6000,COMPLED,1.4000,14.0055,33.6000,COMPLED,1.4000,14.0055,36.6000,COMPLED,1.4000,14.0055,39.6000,COMPLED,-1.6000,14.0056,33.6000,COMPLED,-1.6000,14.0056,12.6000,COMPLED,-1.6000,14.0056,15.6000,COMPLED,-1.6000,14.0056,18.6000,COMPLED,-1.6000,14.0055,21.6000,COMPLED,-1.6000,14.0056,24.6000,COMPLED,-1.6000,14.0056,27.6000,COMPLED,-1.6000,14.0056,30.6000,COMPLED,-1.6000,14.0056,36.6000,COMPLED,-1.6000,14.0056,39.6000,COMPLED,-4.6000,14.0056,12.6000,COMPLED,-4.6000,14.0056,15.6000,COMPLED,-4.6000,14.0056,18.6000,COMPLED,-4.6000,14.0056,21.6000,COMPLED,-4.6000,14.0056,24.6000,COMPLED,-4.6000,14.0056,27.6000,COMPLED,-4.6000,14.0056,30.6000,COMPLED,-4.6000,14.0056,33.6000,COMPLED,-4.6000,14.0056,36.6000,COMPLED,-4.6000,14.0056,39.6000,COMPLED,-7.6000,14.0056,12.6000,COMPLED,-7.6000,14.0056,15.6000,COMPLED,-7.6000,14.0056,18.6000,COMPLED,-7.6000,14.0056,21.6000,COMPLED,-7.6000,14.0056,24.6000,COMPLED,-7.6000,14.0056,27.6000,COMPLED,-7.6000,14.0056,30.6000,COMPLED,-7.6000,14.0056,33.6000,COMPLED,-7.6000,14.0056,36.6000,COMPLED,-7.6000,14.0056,39.6000,COMPLED,-10.6000,14.0056,12.6000,COMPLED,-10.6000,14.0056,15.6000,COMPLED,-10.6000,14.0056,18.6000,COMPLED,-10.6000,14.0056,21.6000,COMPLED,-10.6000,14.0056,24.6000,COMPLED,-10.6000,14.0056,27.6000,COMPLED,-10.6000,14.0056,30.6000,COMPLED,-10.6000,14.0056,33.6000,COMPLED,-10.6000,14.0056,36.6000,COMPLED,-10.6000,14.0056,39.6000,COMPLED,-13.6000,14.0056,12.6000,COMPLED,-13.6000,14.0056,15.6000,COMPLED,-13.6000,14.0056,18.6000,COMPLED,-13.6000,14.0056,21.6000,COMPLED,-13.6000,14.0056,24.6000,COMPLED,-13.6000,14.0056,27.6000,COMPLED,-13.6000,14.0056,30.6000,COMPLED,-13.6000,14.0056,33.6000,COMPLED,-13.6000,14.0056,36.6000,COMPLED,-13.6000,14.0056,39.6000,COMPLED,-16.6000,14.0056,12.6000,COMPLED,-16.6000,14.0056,15.6000,COMPLED,-16.6000,14.0056,18.6000,COMPLED,-16.6000,14.0056,21.6000,COMPLED,-16.6000,14.0056,24.6000,COMPLED,-16.6000,14.0056,27.6000,COMPLED,-16.6000,14.0056,30.6000,COMPLED,-16.6000,14.0056,33.6000,COMPLED,-16.6000,14.0056,36.6000,COMPLED,-16.6000,14.0056,39.6000,COMPLED,-19.6000,14.0056,12.6000,COMPLED,-19.6000,14.0056,15.6000,COMPLED,-19.6000,14.0056,18.6000,COMPLED,-19.6000,14.0056,21.6000,COMPLED,-19.6000,14.0056,24.6000,COMPLED,-19.6000,14.0056,27.6000,COMPLED,-19.6000,14.0056,30.6000,COMPLED,-19.6000,14.0056,33.6000,COMPLED,-19.6000,14.0056,36.6000,COMPLED,-19.6000,14.0056,39.6000,COMPLED,-22.6000,14.0055,21.4072,COMPLED,-22.6000,14.0056,24.4072,COMPLED,-22.6000,14.0055,27.4072,COMPLED,-22.6000,14.0056,30.4072,COMPLED,-22.6000,14.0056,33.4072,COMPLED
3.500,1.4000,14.2824,12.6000,COMPLED,1.4000,14.2824,15.6000,COMPLED,1.4000,14.2824,18.6000,COMPLED,1.4000,14.2824,21.6000,COMPLED,1.4000,14.2824,24.6000,COMPLED,1.4000,14.2824,27.6000,COMPLED,1.4000,14.2824,30.6000,COMPLED,1.4000,14.2824,33.6000,COMPLED,1.4000,14.2824,36.6000,COMPLED,1.4000,14.2824,39.6000,COMPLED,-1.6000,14.2824,33.6000,COMPLED,-1.6000,14.2824,12.6000,COMPLED,-1.6000,14.2824,15.6000,COMPLED,-1.6000,14.2824,18.6000,COMPLED,-1.6000,14.2824,21.6000,COMPLED,-1.6000,14.2824,24.6000,COMPLED,-1.6000,14.2824,27.6000,COMPLED,-1.6000,14.2824,30.6000,COMPLED,-1.6000,14.2824,36.6000,COMPLED,-1.6000,14.2824,39.6000,COMPLED,-4.6000,14.2824,12.6000,COMPLED,-4.6000,14.2824,15.6000,COMPLED,-4.6000,14.2824,18.6000,COMPLED,-4.6000,14.2824,21.6000,COMPLED,-4.6000,14.2824,24.6000,COMPLED,-4.6000,14.2824,27.6000,COMPLED,-4.6000,14.2824,30.6000,COMPLED,-4.6000,14.2824,33.6000,COMPLED,-4.6000,14.2824,36.6000,COMPLED,-4.6000,14.2824,39.6000,COMPLED,-7.6000,14.2824,12.6000,COMPLED,-7.6000,14.2824,15.6000,COMPLED,-7.6000,14.2824,18.6000,COMPLED,-7.6000,14.2824,21.6000,COMPLED,-7.6000,14.2824,24.6000,COMPLED,-7.6000,14.2825,27.6000,COMPLED,-7.6000,14.2825,30.6000,COMPLED,-7.6000,14.2824,33.6000,COMPLED,-7.6000,14.2824,36.6000,COMPLED,-7.6000,14.2825,39.6000,COMPLED,-10.6000,14.2825,12.6000,COMPLED,-10.6000,14.2825,15.6000,COMPLED,-10.6000,14.2825,18.6000,COMPLED,-10.6000,14.2825,21.6000,COMPLED,-10.6000,14.2825,24.6000,COMPLED,-10.6000,14.2825,27.6000,COMPLED,-10.6000,14.2825,30.6000,COMPLED,-10.6000,14.2825,33.6000,COMPLED,-10.6000,14.2825,36.6000,COMPLED,-10.6000,14.2825,39.6000,COMPLED,-13.6000,14.2825,12.6000,COMPLED,-13.6000,14.2825,15.6000,COMPLED,-13.6000,14.2825,18.6000,COMPLED,-13.6000,14.2825,21.6000,COMPLED,-13.6000,14.2825,24.6000,COMPLED,-13.6000,14.2825,27.6000,COMPLED,-13.6000,14.2825,30.6000,COMPLED,-13.6000,14.2825,33.6000,COMPLED,-13.6000,14.2825,36.6000,COMPLED,-13.6000,14.2825,39.6000,COMPLED,-16.6000,14.2825,12.6000,COMPLED,-16.6000,14.2825,15.6000,COMPLED,-16.6000,14.2825,18.6000,COMPLED,-16.6000,14.2825,21.6000,COMPLED,-16.6000,14.2825,24.6000,COMPLED,-16.6000,14.2825,27.6000,COMPLED,-16.6000,14.2825,30.6000,COMPLED,-16.6000,14.2825,33.6000,COMPLED,-16.6000,14.2825,36.6000,COMPLED,-16.6000,14.2825,39.6000,COMPLED,-19.6000,14.2825,12.6000,COMPLED,-19.6000,14.2825,15.6000,COMPLED,-19.6000,14.2825,18.6000,COMPLED,-19.6000,14.2825,21.6000,COMPLED,-19.6000,14.2825,24.6000,COMPLED,-19.6000,14.2825,27.6000,COMPLED,-19.6000,14.2825,30.6000,COMPLED,-19.6000,14.2825,33.6000,COMPLED,-19.6000,14.2825,36.6000,COMPLED,-19.6000,14.2825,39.6000,COMPLED,-22.6000,14.2824,21.4123,COMPLED,-22.6000,14.2825,24.4123,COMPLED,-22.6000,14.2824,27.4123,COMPLED,-22.6000,14.2824,30.4123,COMPLED,-22.6000,14.2825,33.4123,COMPLED
4.000,1.4000,14.4546,12.6000,COMPLED,1.4000,14.4546,15.6000,COMPLED,1.4000,14.4546,18.6000,COMPLED,1.4000,14.4546,21.6000,COMPLED,1.4000,14.4546,24.6000,COMPLED,1.4000,14.4546,27.6000,COMPLED,1.4000,14.4546,30.6000,COMPLED,1.4000,14.4546,33.6000,COMPLED,1.4000,14.4546,36.6000,COMPLED,1.4000,14.4546,39.6000,COMPLED,-1.6000,14.4546,33.6000,COMPLED,-1.6000,14.4546,12.6000,COMPLED,-1.6000,14.4546,15.6000,COMPLED,-1.6000,14.4546,18.6000,COMPLED,-1.6000,14.4546,21.6000,COMPLED,-1.6000,14.4546,24.6000,COMPLED,-1.6000,14.4546,27.6000,COMPLED,-1.6000,14.4546,30.6000,COMPLED,-1.6000,14.4546,36.6000,COMPLED,-1.6000,14.4546,39.6000,COMPLED,-4.6000,14.4546,12.6000,COMPLED,-4.6000,14.4546,15.6000,COMPLED,-4.6000,14.4546,18.6000,COMPLED,-4.6000,14.4546,21.6000,COMPLED,-4.6000,14.4546,24.6000,COMPLED,-4.6000,14.4546,27.6000,COMPLED,-4.6000,14.4546,30.6000,COMPLED,-4.6000,14.4546,33.6000,COMPLED,-4.6000,14.4546,36.6000,COMPLED,-4.6000,14.4546,39.6000,COMPLED,-7.6000,14.4546,12.6000,COMPLED,-7.6000,14.4546,15.6000,COMPLED,-7.6000,14.4546,18.6000,COMPLED,-7.6000,14.4546,21.6000,COMPLED,-7.6000,14.4546,24.6000,COMPLED,-7.6000,14.4546,27.6000,COMPLED,-7.6000,14.4546,30.6000,COMPLED,-7.6000,14.4546,33.6000,COMPLED,-7.6000,14.4546,36.6000,COMPLED,-7.6000,14.4546,39.6000,COMPLED,-10.6000,14.4546,12.6000,COMPLED,-10.6000,14.4546,15.6000,COMPLED,-10.6000,14.4546,18.6000,COMPLED,-10.6000,14.4546,21.6000,COMPLED,-10.6000,14.4546,24.6000,COMPLED,-10.6000,14.4546,27.6000,COMPLED,-10.6000,14.4546,30.6000,COMPLED,-10.6000,14.4546,33.6000,COMPLED,-10.6000,14.4546,36.6000,COMPLED,-10.6000,14.4546,39.6000,COMPLED,-13.6000,14.4546,12.6000,COMPLED,-13.6000,14.4546,15.6000,COMPLED,-13.6000,14.4546,18.6000,COMPLED,-13.6000,14.4546,21.6000,COMPLED,-13.6000,14.4546,24.6000,COMPLED,-13.6000,14.4546,27.6000,COMPLED,-13.6000,14.4546,30.6000,COMPLED,-13.6000,14.4546,33.6000,COMPLED,-13.6000,14.4546,36.6000,COMPLED,-13.6000,14.4546,39.6000,COMPLED,-16.6000,14.4546,12.6000,COMPLED,-16.6000,14.4546,15.6000,COMPLED,-16.6000,14.4546,18.6000,COMPLED,-16.6000,14.4546,21.6000,COMPLED,-16.6000,14.4546,24.6000,COMPLED,-16.6000,14.4546,27.6000,COMPLED,-16.6000,14.4546,30.6000,COMPLED,-16.6000,14.4546,33.6000,COMPLED,-16.6000,14.4546,36.6000,COMPLED,-16.6000,14.4546,39.6000,COMPLED,-19.6000,14.4546,12.6000,COMPLED,-19.6000,14.4546,15.6000,COMPLED,-19.6000,14.4546,18.6000,COMPLED,-19.6000,14.4546,21.6000,COMPLED,-19.6000,14.4546,24.6000,COMPLED,-19.6000,14.4546,27.6000,COMPLED,-19.6000,14.4546,30.6000,COMPLED,-19.6000,14.4546,33.6000,COMPLED,-19.6000,14.4546,36.6000,COMPLED,-19.6000,14.4546,39.6000,COMPLED,-22.6000,14.4546,21.4154,COMPLED,-22.6000,14.4546,24.4154,COMPLED,-22.6000,14.4546,27.4154,COMPLED,-22.6000,14.4546,30.4154,COMPLED,-22.6000,14.4546,33.4154,COMPLED
4.500,1.4000,14.5534,12.6000,COMPLED,1.4000,14.5534,15.6000,COMPLED,1.4000,14.5534,18.6000,COMPLED,1.4000,14.5534,21.6000,COMPLED,1.4000,14.5534,24.6000,COMPLED,1.4000,14.5534,27.6000,COMPLED,1.4000,14.5534,30.6000,COMPLED,1.4000,14.5534,33.6000,COMPLED,1.4000,14.5534,36.6000,COMPLED,1.4000,14.5534,39.6000,COMPLED,-1.6000,14.5534,33.6000,COMPLED,-1.6000,14.5534,12.6000,COMPLED,-1.6000,14.5534,15.6000,COMPLED,-1.6000,14.5534,18.6000,COMPLED,-1.6000,14.5534,21.6000,COMPLED,-1.6000,14.5534,24.6000,COMPLED,-1.6000,14.5534,27.6000,COMPLED,-1.6000,14.5534,30.6000,COMPLED,-1.6000,14.5534,36.6000,COMPLED,-1.6000,14.5534,39.6000,COMPLED,-4.6000,14.5534,12.6000,COMPLED,-4.6000,14.5534,15.6000,COMPLED,-4.6000,14.5534,18.6000,COMPLED,-4.6000,14.5534,21.6000,COMPLED,-4.6000,14.5534,24.6000,COMPLED,-4.6000,14.5534,27.6000,COMPLED,-4.6000,14.5534,30.6000,COMPLED,-4.6000,14.5534,33.6000,COMPLED,-4.6000,14.5534,36.6000,COMPLED,-4.6000,14.5534,39.6000,COMPLED,-7.6000,14.5534,12.6000,COMPLED,-7.6000,14.5534,15.6000,COMPLED,-7.6000,14.5534,18.6000,COMPLED,-7.6000,14.5534,21.6000,COMPLED,-7.6000,14.5534,24.6000,COMPLED,-7.6000,14.5534,27.6000,COMPLED,-7.6000,14.5534,30.6000,COMPLED,-7.6000,14.5534,33.6000,COMPLED,-7.6000,14.5534,36.6000,COMPLED,-7.6000,14.5534,39.6000,COMPLED,-10.6000,14.5534,12.6000,COMPLED,-10.6000,14.5534,15.6000,COMPLED,-10.6000,14.5534,18.6000,COMPLED,-10.6000,14.5534,21.6000,COMPLED,-10.6000,14.5534,24.6000,COMPLED,-10.6000,14.5534,27.6000,COMPLED,-10.6000,14.5534,30.6000,COMPLED,-10.6000,14.5534,33.6000,COMPLED,-10.6000,14.5534,36.6000,COMPLED,-10.6000,14.5534,39.6000,COMPLED,-13.6000,14.5534,12.6000,COMPLED,-13.6000,14.5534,15.6000,COMPLED,-13.6000,14.5534,18.6000,COMPLED,-13.6000,14.5534,21.6000,COMPLED,-13.6000,14.5534,24.6000,COMPLED,-13.6000,14.5534,27.6000,COMPLED,-13.6000,14.5534,30.6000,COMPLED,-13.6000,14.5534,33.6000,COMPLED,-13.6000,14.5534,36.6000,COMPLED,-13.6000,14.5534,39.6000,COMPLED,-16.6000,14.5534,12.6000,COMPLED,-16.6000,14.5534,15.6000,COMPLED,-16.6000,14.5534,18.6000,COMPLED,-16.6000,14.5534,21.6000,COMPLED,-16.6000,14.5534,24.6000,COMPLED,-16.6000,14.5534,27.6000,COMPLED,-16.6000,14.5534,30.6000,COMPLED,-16.6000,14.5534,33.6000,COMPLED,-16.6000,14.5534,36.6000,COMPLED,-16.6000,14.5534,39.6000,COMPLED,-19.6000,14.5534,12.6000,COMPLED,-19.6000,14.5534,15.6000,COMPLED,-19.6000,14.5534,18.6000,COMPLED,-19.6000,14.5534,21.6000,COMPLED,-19.6000,14.5534,24.6000,COMPLED,-19.6000,14.5534,27.6000,COMPLED,-19.6000,14.5534,30.6000,COMPLED,-19.6000,14.5534,33.6000,COMPLED,-19.6000,14.5534,36.6000,COMPLED,-19.6000,14.5534,39.6000,COMPLED,-22.6000,14.5534,21.4172,COMPLED,-22.6000,14.5534,24.4172,COMPLED,-22.6000,14.5534,27.4172,COMPLED,-22.6000,14.5534,30.4172,COMPLED,-22.6000,14.5534,33.4172,COMPLED
5.000,1.6302,14.8898,12.6000,FOLLOW,1.6254,14.8916,15.5690,FOLLOW,1.6945,14.8274,18.5436,FOLLOW,1.6596,14.8556,21.5178,FOLLOW,1.7038,14.8018,24.4975,FOLLOW,1.6366,14.8601,27.4752,FOLLOW,1.6467,14.8439,30.4584,FOLLOW,1.6795,14.8017,33.4428,FOLLOW,1.6547,14.8186,36.4279,FOLLOW,1.6096,14.8516,39.4196,FOLLOW,-1.3708,14.8523,33.4465,FOLLOW,-1.3780,14.8954,12.6000,FOLLOW,-1.4225,14.9195,15.5663,FOLLOW,-1.4399,14.9242,18.5394,FOLLOW,-1.4182,14.9082,21.5132,FOLLOW,-1.3916,14.8863,24.4914,FOLLOW,-1.4595,14.9128,27.4671,FOLLOW,-1.4510,14.9055,30.4576,FOLLOW,-1.5416,14.9341,36.4636,FOLLOW,-1.5206,14.9250,39.4503,FOLLOW,-4.4429,14.9305,12.6000,FOLLOW,-4.4970,14.9475,15.5639,FOLLOW,-4.5353,14.9519,18.5346,FOLLOW,-4.5186,14.9445,21.5130,FOLLOW,-4.5098,14.9382,24.4960,FOLLOW,-4.5153,14.9369,27.4869,FOLLOW,-4.5210,14.9342,30.4747,FOLLOW,-4.5274,14.9320,33.4646,FOLLOW,-4.5333,14.9300,36.4565,FOLLOW,-4.5482,14.9292,39.4486,FOLLOW,-7.5315,14.9567,12.6000,FOLLOW,-7.5415,14.9566,15.5631,FOLLOW,-7.5468,14.9536,18.5345,FOLLOW,-7.5517,14.9498,21.5118,FOLLOW,-7.5565,14.9459,24.4942,FOLLOW,-7.5927,14.9454,27.4840,FOLLOW,-7.6255,14.9435,30.4805,FOLLOW,-7.5942,14.9434,33.4777,FOLLOW,-7.6226,14.9375,36.4622,FOLLOW,-7.5554,14.9300,39.4482,FOLLOW,-10.6904,14.9523,12.6000,FOLLOW,-10.6792,14.9533,15.5666,FOLLOW,-10.6727,14.9514,18.5401,FOLLOW,-10.6644,14.9489,21.5186,FOLLOW,-10.6070,14.9513,24.5057,FOLLOW,-10.6439,14.9432,27.4848,FOLLOW,-10.6396,14.9399,30.4730,FOLLOW,-10.6370,14.9367,33.4631,FOLLOW,-10.6338,14.9337,36.4546,FOLLOW,-10.6320,14.9311,39.4476,FOLLOW,-13.7158,14.9455,12.6000,FOLLOW,-13.6910,14.9507,15.5668,FOLLOW,-13.7249,14.9382,18.5423,FOLLOW,-13.6741,14.9473,21.5191,FOLLOW,-13.7122,14.9323,24.4964,FOLLOW,-13.7096,14.9309,27.4888,FOLLOW,-13.6784,14.9344,30.4749,FOLLOW,-13.6721,14.9321,33.4647,FOLLOW,-13.6678,14.9297,36.4562,FOLLOW,-13.6627,14.9277,39.4490,FOLLOW,-16.7386,14.9379,12.6000,FOLLOW,-16.7078,14.9464,15.5673,FOLLOW,-16.7974,14.9051,18.5385,FOLLOW,-16.7771,14.9116,21.5172,FOLLOW,-16.7590,14.9161,24.5009,FOLLOW,-16.7259,14.9261,27.4901,FOLLOW,-16.7367,14.9188,30.4799,FOLLOW,-16.7272,14.9188,33.4698,FOLLOW,-16.7189,14.9183,36.4607,FOLLOW,-16.7112,14.9177,39.4531,FOLLOW,-19.8047,14.9063,12.6000,FOLLOW,-19.8079,14.9028,15.5673,FOLLOW,-19.8082,14.8993,18.5424,FOLLOW,-19.8538,14.8603,21.5162,FOLLOW,-19.8293,14.8744,24.4989,FOLLOW,-19.8017,14.8851,27.4761,FOLLOW,-19.8024,14.8806,30.4662,FOLLOW,-19.8436,14.8473,33.4598,FOLLOW,-19.8759,14.8094,36.4483,FOLLOW,-19.8493,14.8271,39.4330,FOLLOW,-22.8577,14.8538,21.3243,FOLLOW,-22.8996,14.8058,24.3129,FOLLOW,-22.9072,14.7879,27.2962,FOLLOW,-22.8996,14.7930,30.2872,FOLLOW,-22.8824,14.8064,33.2740,FOLLOW
5.500,4.6183,19.0435,12.6000,FOLLOW,4.5517,19.0692,15.1671,FOLLOW,5.5192,18.1712,17.8104,FOLLOW,5.0317,18.5654,20.4507,FOLLOW,5.6503,17.8132,23.1665,FOLLOW,4.7090,18.6277,25.8547,FOLLOW,4.8507,18.4014,28.6194,FOLLOW,5.3109,17.8117,31.4011,FOLLOW,4.9632,18.0473,34.1918,FOLLOW,4.3323,18.5088,37.0754,FOLLOW,1.6069,18.5185,31.4532,FOLLOW,1.5040,19.1217,12.6000,FOLLOW,0.8813,19.4587,15.1289,FOLLOW,0.6383,19.5235,17.7532,FOLLOW,0.9417,19.3006,20.3858,FOLLOW,1.3143,18.9948,23.0808,FOLLOW,0.3651,19.3641,25.7414,FOLLOW,0.4844,19.2616,28.6086,FOLLOW,-0.7834,19.6617,34.6917,FOLLOW,-0.4893,19.5342,37.5059,FOLLOW,-2.4048,19.6124,12.6000,FOLLOW,-3.1606,19.8488,15.0950,FOLLOW,-3.6961,19.9110,17.6854,FOLLOW,-3.4611,19.8071,20.3841,FOLLOW,-3.3391,19.7193,23.1452,FOLLOW,-3.4157,19.7004,26.0181,FOLLOW,-3.4947,19.6631,28.8472,FOLLOW,-3.5847,19.6321,31.7065,FOLLOW,-3.6671,19.6043,34.5919,FOLLOW,-3.8750,19.5934,37.4814,FOLLOW,-6.6426,19.9782,12.6000,FOLLOW,-6.7829,19.9766,15.0839,FOLLOW,-6.8569,19.9351,17.6844,FOLLOW,-6.9247,19.8813,20.3672,FOLLOW,-6.9920,19.8272,23.1201,FOLLOW,-7.4973,19.8195,25.9779,FOLLOW,-7.9566,19.7934,28.9284,FOLLOW,-7.5193,19.7920,31.8885,FOLLOW,-7.9157,19.7087,34.6719,FOLLOW,-6.9764,19.6048,37.4767,FOLLOW,-11.8638,19.9161,12.6000,FOLLOW,-11.7065,19.9303,15.1331,FOLLOW,-11.6170,19.9035,17.7630,FOLLOW,-11.5009,19.8691,20.4612,FOLLOW,-10.6978,19.9023,23.2815,FOLLOW,-11.2146,19.7883,25.9883,FOLLOW,-11.1545,19.7425,28.8241,FOLLOW,-11.1171,19.6975,31.6849,FOLLOW,-11.0730,19.6565,34.5655,FOLLOW,-11.0478,19.6194,37.4677,FOLLOW,-15.2182,19.8217,12.6000,FOLLOW,-14.8724,19.8944,15.1362,FOLLOW,-15.3462,19.7199,17.7935,FOLLOW,-14.6356,19.8465,20.4689,FOLLOW,-15.1691,19.6372,23.1505,FOLLOW,-15.1335,19.6172,26.0448,FOLLOW,-14.6964,19.6661,28.8504,FOLLOW,-14.6083,19.6339,31.7078,FOLLOW,-14.5479,19.6002,34.5885,FOLLOW,-14.4778,19.5721,37.4876,FOLLOW,-18.5369,19.7150,12.6000,FOLLOW,-18.1073,19.8345,15.1423,FOLLOW,-19.3596,19.2570,17.7403,FOLLOW,-19.0768,19.3480,20.4426,FOLLOW,-18.8238,19.4099,23.2145,FOLLOW,-18.3610,19.5493,26.0625,FOLLOW,-18.5129,19.4483,28.9195,FOLLOW,-18.3800,19.4479,31.7784,FOLLOW,-18.2632,19.4401,34.6509,FOLLOW,-18.1563,19.4321,37.5452,FOLLOW,-22.4613,19.2745,12.6000,FOLLOW,-22.5063,19.2255,15.1428,FOLLOW,-22.5121,19.1756,17.7948,FOLLOW,-23.1495,18.6305,20.4281,FOLLOW,-22.8079,18.8275,23.1858,FOLLOW,-22.4211,18.9771,25.8671,FOLLOW,-22.4316,18.9144,28.7276,FOLLOW,-23.0080,18.4480,31.6387,FOLLOW,-23.4606,17.9174,34.4773,FOLLOW,-23.0884,18.1658,37.2628,FOLLOW,-26.2037,18.5406,20.1040,FOLLOW,-26.7919,17.8689,22.9447,FOLLOW,-26.8975,17.6192,25.7110,FOLLOW,-26.7922,17.6891,28.5847,FOLLOW,-26.5517,17.8763,31.3990,FOLLOW
6.000,7.4833,23.0432,12.6000,FOLLOW,7.3586,23.0910,14.7815,FOLLOW,9.1903,21.3940,17.1067,FOLLOW,8.2679,22.1386,19.4266,FOLLOW,9.4396,20.7165,21.8885,FOLLOW,7.6581,22.2556,24.2993,FOLLOW,7.9267,21.8277,26.8538,FOLLOW,8.7982,20.7127,29.4404,FOLLOW,8.1404,21.1577,32.0444,FOLLOW,6.9468,22.0297,34.8244,FOLLOW,4.4659,22.0486,29.5393,FOLLOW,4.2669,23.1908,12.6000,FOLLOW,3.0900,23.8267,14.7095,FOLLOW,2.6312,23.9487,16.9993,FOLLOW,3.2055,23.5275,19.3044,FOLLOW,3.9108,22.9497,21.7273,FOLLOW,2.1157,23.6471,24.0858,FOLLOW,2.3418,23.4532,26.8340,FOLLOW,-0.0554,24.2086,32.9905,FOLLOW,0.5009,23.9674,35.6387,FOLLOW,-0.4523,24.1173,12.6000,FOLLOW,-1.8800,24.5630,14.6456,FOLLOW,-2.8916,24.6801,16.8714,FOLLOW,-2.4471,24.4839,19.3015,FOLLOW,-2.2160,24.3179,21.8493,FOLLOW,-2.3604,24.2820,24.6086,FOLLOW,-2.5097,24.2115,27.2850,FOLLOW,-2.6798,24.1527,30.0187,FOLLOW,-2.8354,24.1000,32.8017,FOLLOW,-3.2286,24.0795,35.5925,FOLLOW,-5.7916,24.8071,12.6000,FOLLOW,-6.0561,24.8040,14.6249,FOLLOW,-6.1955,24.7256,16.8696,FOLLOW,-6.3235,24.6241,19.2697,FOLLOW,-6.4505,24.5217,21.8020,FOLLOW,-7.4057,24.5071,24.5327,FOLLOW,-8.2744,24.4576,27.4386,FOLLOW,-7.4474,24.4549,30.3627,FOLLOW,-8.1972,24.2974,32.9529,FOLLOW,-6.4204,24.1010,35.5837,FOLLOW,-12.9880,24.6900,12.6000,FOLLOW,-12.6912,24.7167,14.7176,FOLLOW,-12.5224,24.6660,17.0178,FOLLOW,-12.3032,24.6009,19.4471,FOLLOW,-10.7849,24.6635,22.1068,FOLLOW,-11.7622,24.4482,24.5523,FOLLOW,-11.6486,24.3615,27.2414,FOLLOW,-11.5780,24.2763,29.9779,FOLLOW,-11.4947,24.1988,32.7519,FOLLOW,-11.4470,24.1286,35.5667,FOLLOW,-16.6567,24.5122,12.6000,FOLLOW,-16.0048,24.6488,14.7234,FOLLOW,-16.9010,24.3193,17.0753,FOLLOW,-15.5579,24.5583,19.4616,FOLLOW,-16.5668,24.1629,21.8593,FOLLOW,-16.4999,24.1247,24.6589,FOLLOW,-15.6735,24.2171,27.2912,FOLLOW,-15.5070,24.1562,30.0212,FOLLOW,-15.3929,24.0924,32.7954,FOLLOW,-15.2604,24.0391,35.6043,FOLLOW,-20.2591,24.3109,12.6000,FOLLOW,-19.4487,24.5358,14.7350,FOLLOW,-21.8170,23.4455,16.9748,FOLLOW,-21.2829,23.6168,19.4117,FOLLOW,-20.8051,23.7334,21.9800,FOLLOW,-19.9303,23.9965,24.6923,FOLLOW,-20.2180,23.8054,27.4217,FOLLOW,-19.9668,23.8046,30.1545,FOLLOW,-19.7461,23.7896,32.9132,FOLLOW,-19.5441,23.7744,35.7130,FOLLOW,-25.0073,23.4796,12.6000,FOLLOW,-25.0939,23.3864,14.7357,FOLLOW,-25.1059,23.2916,17.0776,FOLLOW,-26.3121,22.2617,19.3840,FOLLOW,-25.6665,22.6332,21.9256,FOLLOW,-24.9351,22.9157,24.3229,FOLLOW,-24.9554,22.7968,27.0586,FOLLOW,-26.0466,21.9148,29.8900,FOLLOW,-26.9038,20.9113,32.5842,FOLLOW,-26.1995,21.3809,35.1785,FOLLOW,-29.4137,22.0929,18.9334,FOLLOW,-30.5287,20.8222,21.6311,FOLLOW,-30.7294,20.3494,24.1887,FOLLOW,-30.5307,20.4807,26.9496,FOLLOW,-30.0756,20.8341,29.5982,FOLLOW
6.500,10.3294,27.0391,12.4964,FOLLOW,10.1583,27.1104,14.5040,FOLLOW,12.8535,24.6217,16.4044,FOLLOW,11.4968,25.7149,18.4048,FOLLOW,13.2224,23.6248,20.6127,FOLLOW,10.6013,25.8856,22.7470,FOLLOW,10.9972,25.2564,25.0914,FOLLOW,12.2805,23.6173,27.4824,FOLLOW,11.3130,24.2707,29.9002,FOLLOW,9.5574,25.5516,32.5767,FOLLOW,7.3201,25.5801,27.6286,FOLLOW,7.0197,27.2628,12.6000,FOLLOW,5.2907,28.1948,14.2916,FOLLOW,4.6179,28.3730,16.2477,FOLLOW,5.4628,27.7547,18.2260,FOLLOW,6.5008,26.9058,20.3771,FOLLOW,3.8617,27.9297,22.4344,FOLLOW,4.1951,27.6441,25.0633,FOLLOW,0.6714,28.7527,31.2919,FOLLOW,1.4897,28.3982,33.7744,FOLLOW,1.4911,28.6222,12.6000,FOLLOW,-0.6050,29.2750,14.1982,FOLLOW,-2.0902,29.4464,16.0605,FOLLOW,-1.4362,29.1582,18.2223,FOLLOW,-1.0960,28.9143,20.5569,FOLLOW,-1.3075,28.8611,23.2022,FOLLOW,-1.5267,28.7573,25.7260,FOLLOW,-1.7764,28.6708,28.3340,FOLLOW,-2.0051,28.5933,31.0145,FOLLOW,-2.5831,28.5629,33.7065,FOLLOW,-4.9789,29.6038,12.2828,FOLLOW,-5.3085,29.5911,14.2597,FOLLOW,-5.5372,29.5098,16.2450,FOLLOW,-5.7253,29.3706,18.2539,FOLLOW,-5.9105,29.2135,20.4876,FOLLOW,-7.3144,29.1919,23.0908,FOLLOW,-8.5916,29.1188,25.9517,FOLLOW,-7.3756,29.1147,28.8394,FOLLOW,-8.4782,28.8832,31.2367,FOLLOW,-5.8652,28.5945,33.6935,FOLLOW,-14.0761,29.4528,12.4277,FOLLOW,-13.6940,29.4803,14.3907,FOLLOW,-13.4275,29.4274,16.3721,FOLLOW,-13.1031,29.3298,18.4359,FOLLOW,-10.8718,29.4214,20.9350,FOLLOW,-12.3085,29.1053,23.1197,FOLLOW,-12.1417,28.9778,25.6621,FOLLOW,-12.0380,28.8525,28.2741,FOLLOW,-11.9156,28.7384,30.9414,FOLLOW,-11.8456,28.6351,33.6687,FOLLOW,-18.0866,29.2013,12.5826,FOLLOW,-17.1336,29.4003,14.3297,FOLLOW,-18.4511,28.9167,16.3593,FOLLOW,-16.4775,29.2672,18.4571,FOLLOW,-17.9608,28.6867,20.5715,FOLLOW,-17.8634,28.6301,23.2761,FOLLOW,-16.6487,28.7656,25.7350,FOLLOW,-16.4041,28.6759,28.3377,FOLLOW,-16.2366,28.5820,31.0052,FOLLOW,-16.0419,28.5036,33.7238,FOLLOW,-21.9726,28.9062,12.6000,FOLLOW,-20.7852,29.2348,14.3292,FOLLOW,-24.2669,27.6348,16.2116,FOLLOW,-23.4831,27.8853,18.3836,FOLLOW,-22.7817,28.0559,20.7485,FOLLOW,-21.4963,28.4418,23.3250,FOLLOW,-21.9200,28.1607,25.9265,FOLLOW,-21.5510,28.1593,28.5333,FOLLOW,-21.2267,28.1370,31.1781,FOLLOW,-20.9298,28.1145,33.8834,FOLLOW,-27.5467,27.6682,12.4388,FOLLOW,-27.6657,27.5468,14.4316,FOLLOW,-27.6889,27.4174,16.4273,FOLLOW,-29.4673,25.8959,18.3423,FOLLOW,-28.5190,26.4404,20.6680,FOLLOW,-27.4436,26.8551,22.7820,FOLLOW,-27.4746,26.6796,25.3927,FOLLOW,-29.0809,25.3827,28.1438,FOLLOW,-30.3429,23.9072,30.6933,FOLLOW,-29.3067,24.5972,33.0968,FOLLOW,-32.6149,25.6500,17.7659,FOLLOW,-34.2587,23.7808,20.3199,FOLLOW,-34.5554,23.0849,22.6687,FOLLOW,-34.2642,23.2760,25.3168,FOLLOW,-33.5950,23.7948,27.7998,FOLLOW
7.000,13.1544,31.0397,12.2855,FOLLOW,12.9493,31.1362,14.3468,FOLLOW,16.5079,27.8635,15.7039,FOLLOW,14.7175,29.3031,17.3856,FOLLOW,16.9981,26.5471,19.3393,FOLLOW,13.5379,29.5262,21.1982,FOLLOW,14.0617,28.6959,23.3325,FOLLOW,15.7574,26.5340,25.5276,FOLLOW,14.4806,27.3949,27.7593,FOLLOW,12.1638,29.0827,30.3327,FOLLOW,10.1691,29.1215,25.7215,FOLLOW,9.7601,31.3468,12.6000,FOLLOW,7.4729,32.5742,13.7941,FOLLOW,6.6060,32.8022,15.5820,FOLLOW,7.7127,31.9905,17.1512,FOLLOW,9.0837,30.8717,19.0307,FOLLOW,5.6027,32.2199,20.7879,FOLLOW,6.0440,31.8427,23.2968,FOLLOW,1.3971,33.3019,29.5961,FOLLOW,2.4770,32.8345,31.9130,FOLLOW,3.4227,33.1359,12.6000,FOLLOW,0.6632,33.9928,13.7533,FOLLOW,-1.2923,34.2178,15.2533,FOLLOW,-0.4290,33.8381,17.1470,FOLLOW,0.0207,33.5165,19.2684,FOLLOW,-0.2571,33.4458,21.7992,FOLLOW,-0.5458,33.3088,24.1704,FOLLOW,-0.8749,33.1944,26.6526,FOLLOW,-1.1762,33.0919,29.2304,FOLLOW,-1.9387,33.0517,31.8236,FOLLOW,-4.0771,34.2681,11.7299,FOLLOW,-4.6865,34.2613,13.6330,FOLLOW,-4.9622,34.2029,15.6131,FOLLOW,-5.1524,34.0872,17.6003,FOLLOW,-5.3985,33.9544,19.5782,FOLLOW,-7.2233,33.8816,21.6528,FOLLOW,-8.9082,33.7850,24.4679,FOLLOW,-7.3039,33.7792,27.3188,FOLLOW,-8.7588,33.4740,29.5235,FOLLOW,-5.3110,33.0933,31.8064,FOLLOW,-15.2334,34.1512,11.9928,FOLLOW,-14.5884,34.2018,13.8907,FOLLOW,-14.3164,34.1647,15.8718,FOLLOW,-13.8730,34.0865,17.8251,FOLLOW,-10.9585,34.1841,19.7664,FOLLOW,-12.8534,33.7675,21.6907,FOLLOW,-12.6337,33.5993,24.0862,FOLLOW,-12.4971,33.4339,26.5738,FOLLOW,-12.3358,33.2833,29.1341,FOLLOW,-12.2435,33.1468,31.7737,FOLLOW,-19.4800,33.7736,12.4936,FOLLOW,-18.2436,34.1469,14.0211,FOLLOW,-19.9957,33.5202,15.6459,FOLLOW,-17.3941,33.9814,17.4560,FOLLOW,-19.3508,33.2167,19.2875,FOLLOW,-19.2237,33.1414,21.8965,FOLLOW,-17.6218,33.3196,24.1823,FOLLOW,-17.2994,33.2012,26.6574,FOLLOW,-17.0787,33.0771,29.2182,FOLLOW,-16.8221,32.9735,31.8463,FOLLOW,-23.6594,33.4681,12.6000,FOLLOW,-22.1157,33.9394,13.9252,FOLLOW,-26.7080,31.8336,15.4511,FOLLOW,-25.6766,32.1620,17.3586,FOLLOW,-24.7531,32.3855,19.5202,FOLLOW,-23.0588,32.8932,21.9608,FOLLOW,-23.6186,32.5222,24.4343,FOLLOW,-23.1323,32.5199,26.9150,FOLLOW,-22.7048,32.4903,29.4459,FOLLOW,-22.3134,32.4603,32.0566,FOLLOW,-30.0098,31.8584,12.0884,FOLLOW,-30.2311,31.6532,14.0819,FOLLOW,-30.2724,31.5376,16.0781,FOLLOW,-32.6141,29.5419,17.3033,FOLLOW,-31.3647,30.2575,19.4135,FOLLOW,-29.9461,30.8036,21.2449,FOLLOW,-29.9886,30.5710,23.7303,FOLLOW,-32.1103,28.8599,26.4003,FOLLOW,-33.7776,26.9134,28.8048,FOLLOW,-32.4097,27.8231,31.0178,FOLLOW,-35.8056,29.2215,16.6023,FOLLOW,-37.9811,26.7539,19.0114,FOLLOW,-38.3749,25.8343,21.1513,FOLLOW,-37.9922,26.0837,23.6863,FOLLOW,-37.1093,26.7667,26.0040,FOLLOW
7.500,16.0613,35.1790,12.1364,FOLLOW,15.8305,35.3269,14.1406,FOLLOW,20.2965,31.2446,14.9777,FOLLOW,18.0560,33.0414,16.3291,FOLLOW,20.9154,29.5953,18.0181,FOLLOW,16.5833,33.3171,19.5919,FOLLOW,17.2410,32.2780,21.5076,FOLLOW,19.3666,29.5739,23.4983,FOLLOW,17.7687,30.6489,25.5370,FOLLOW,14.8693,32.7575,28.0033,FOLLOW,13.1255,32.8080,23.7423,FOLLOW,12.5297,35.5071,12.6000,FOLLOW,9.7405,37.1301,13.2647,FOLLOW,8.6514,37.4091,14.9189,FOLLOW,10.0426,36.3981,16.0382,FOLLOW,11.7604,34.9999,17.6354,FOLLOW,7.4067,36.6829,19.0817,FOLLOW,7.9611,36.2099,21.4652,FOLLOW,2.1503,38.0307,27.8359,FOLLOW,3.5019,37.4461,29.9806,FOLLOW,5.0505,36.9575,12.6000,FOLLOW,1.9237,38.7136,13.3110,FOLLOW,-0.4678,39.1778,14.4188,FOLLOW,0.6135,38.7035,16.0341,FOLLOW,1.1777,38.3013,17.9334,FOLLOW,0.8320,38.2120,20.3445,FOLLOW,0.4717,38.0403,22.5567,FOLLOW,0.0606,37.8969,24.9080,FOLLOW,-0.3159,37.7684,27.3787,FOLLOW,-1.2698,37.7177,29.8690,FOLLOW,-3.3615,37.7997,11.3129,FOLLOW,-4.0365,38.7138,12.9609,FOLLOW,-4.3831,38.9317,14.9187,FOLLOW,-4.3521,38.8500,16.8802,FOLLOW,-4.9875,38.9113,18.8466,FOLLOW,-7.1289,38.7565,20.1619,FOLLOW,-9.2366,38.6351,22.9285,FOLLOW,-7.2295,38.6274,25.7407,FOLLOW,-9.0500,38.2459,27.7452,FOLLOW,-4.7357,37.7698,29.8476,FOLLOW,-16.4200,38.6602,11.6710,FOLLOW,-15.3987,39.0652,13.3419,FOLLOW,-15.2995,39.0406,15.3393,FOLLOW,-14.6397,39.0170,17.2262,FOLLOW,-11.0483,39.1342,18.5550,FOLLOW,-13.4184,38.6139,20.2092,FOLLOW,-13.1441,38.4034,22.4518,FOLLOW,-12.9734,38.1963,24.8096,FOLLOW,-12.7719,38.0076,27.2585,FOLLOW,-12.6566,37.8367,29.8067,FOLLOW,-20.4461,36.9675,12.5280,FOLLOW,-19.3996,39.0824,13.5709,FOLLOW,-21.5948,38.3069,14.9073,FOLLOW,-18.3435,38.8818,16.4190,FOLLOW,-20.7909,37.9269,17.9571,FOLLOW,-20.6344,37.8316,20.4657,FOLLOW,-18.6311,38.0538,22.5716,FOLLOW,-18.2284,37.9053,24.9139,FOLLOW,-17.9527,37.7499,27.3635,FOLLOW,-17.6320,37.6200,29.8973,FOLLOW,-24.9066,36.8491,12.6000,FOLLOW,-23.4910,38.8309,13.5076,FOLLOW,-29.2346,36.2039,14.6640,FOLLOW,-27.9488,36.6112,16.2968,FOLLOW,-26.7966,36.8886,18.2469,FOLLOW,-24.6792,37.5214,20.5460,FOLLOW,-25.3810,37.0570,22.8861,FOLLOW,-24.7734,37.0536,25.2354,FOLLOW,-24.2392,37.0160,27.6479,FOLLOW,-23.7499,36.9781,30.1600,FOLLOW,-32.3632,35.8402,11.7937,FOLLOW,-32.8102,35.8565,13.7441,FOLLOW,-32.9344,35.7889,15.7392,FOLLOW,-35.8754,33.3404,16.2266,FOLLOW,-34.3153,34.2310,18.1128,FOLLOW,-32.5409,34.9127,19.6511,FOLLOW,-32.5966,34.6200,22.0056,FOLLOW,-35.2550,32.4790,24.5906,FOLLOW,-37.3443,30.0436,26.8437,FOLLOW,-35.6319,31.1809,28.8590,FOLLOW,-39.1090,32.9465,15.3976,FOLLOW,-41.8422,29.8556,17.6542,FOLLOW,-42.3389,28.7028,19.5765,FOLLOW,-41.8624,29.0103,21.9936,FOLLOW,-40.7579,29.8625,24.1395,FOLLOW
8.000,18.1486,38.1280,12.1302,FOLLOW,18.4636,39.2367,13.7799,FOLLOW,23.9247,34.5157,14.2822,FOLLOW,21.2529,36.6522,15.3174,FOLLOW,24.6713,32.5450,16.7513,FOLLOW,19.5018,36.9757,18.0526,FOLLOW,20.2895,35.7359,19.7578,FOLLOW,22.8293,32.5121,21.5514,FOLLOW,20.9235,33.7913,23.4047,FOLLOW,17.4652,36.3017,25.7683,FOLLOW,15.9611,36.3645,21.8441,FOLLOW,14.3539,38.2577,12.6000,FOLLOW,11.5648,40.7328,12.8838,FOLLOW,10.5330,41.7875,14.2374,FOLLOW,12.2707,40.6478,14.9739,FOLLOW,14.3228,38.9823,16.2997,FOLLOW,9.1334,40.9838,17.4486,FOLLOW,9.7982,40.4182,19.7100,FOLLOW,2.8731,42.5828,26.1469,FOLLOW,4.4854,41.8861,28.1262,FOLLOW,5.9861,39.1568,12.6000,FOLLOW,2.7272,41.7313,13.0291,FOLLOW,0.2056,43.4774,13.5715,FOLLOW,1.6109,43.3098,14.9859,FOLLOW,2.3157,42.9053,16.8138,FOLLOW,1.8756,42.8008,18.9505,FOLLOW,1.4472,42.5956,21.0097,FOLLOW,0.9578,42.4243,23.2347,FOLLOW,0.5094,42.2706,25.6023,FOLLOW,-0.6279,42.2098,27.9933,FOLLOW,-3.1008,39.6156,11.7625,FOLLOW,-3.5374,41.7789,12.5127,FOLLOW,-3.7915,43.2526,13.8494,FOLLOW,-3.7608,43.3882,15.8446,FOLLOW,-4.5179,43.5667,17.7565,FOLLOW,-7.0385,43.4492,18.7336,FOLLOW,-9.5515,43.3037,21.4525,FOLLOW,-7.1581,43.2940,24.2265,FOLLOW,-9.3294,42.8393,26.0389,FOLLOW,-4.1836,42.2719,27.9678,FOLLOW,-17.0139,41.3836,11.8846,FOLLOW,-16.2783,43.2924,12.6632,FOLLOW,-16.2297,43.5341,14.6485,FOLLOW,-15.3557,43.6906,16.4411,FOLLOW,-11.1344,43.8989,17.3947,FOLLOW,-13.9597,43.2795,18.7897,FOLLOW,-13.6333,43.0282,20.8850,FOLLOW,-13.4302,42.7810,23.1177,FOLLOW,-13.1902,42.5558,25.4592,FOLLOW,-13.0530,42.3516,27.9191,FOLLOW,-20.9948,38.7980,12.5565,FOLLOW,-20.3563,43.1681,13.1888,FOLLOW,-23.0565,42.9088,14.2487,FOLLOW,-19.2517,43.5994,15.4271,FOLLOW,-22.1695,42.4632,16.6836,FOLLOW,-21.9865,42.3478,19.0945,FOLLOW,-19.5988,42.6117,21.0274,FOLLOW,-19.1195,42.4343,23.2418,FOLLOW,-18.7913,42.2486,25.5841,FOLLOW,-18.4092,42.0933,28.0271,FOLLOW,-25.6217,38.7900,12.6000,FOLLOW,-24.7046,43.0185,13.1193,FOLLOW,-31.6175,40.3641,13.9216,FOLLOW,-30.1230,40.8995,15.2809,FOLLOW,-28.7540,41.2268,17.0274,FOLLOW,-26.2325,41.9783,19.1898,FOLLOW,-27.0713,41.4242,21.4012,FOLLOW,-26.3478,41.4193,23.6242,FOLLOW,-25.7115,41.3739,25.9225,FOLLOW,-25.1286,41.3282,28.3397,FOLLOW,-33.7638,38.1929,11.9858,FOLLOW,-35.1148,39.6609,13.1355,FOLLOW,-35.4021,39.7981,15.1105,FOLLOW,-38.9977,37.0091,15.1958,FOLLOW,-37.1422,38.0643,16.8665,FOLLOW,-35.0270,38.8751,18.1240,FOLLOW,-35.0973,38.5234,20.3520,FOLLOW,-38.2724,35.9697,22.8541,FOLLOW,-40.7681,33.0654,24.9612,FOLLOW,-38.7248,34.4205,26.7868,FOLLOW,-42.0477,36.2947,14.3258,FOLLOW,-45.5428,32.8580,16.3533,FOLLOW,-46.1408,31.4794,18.0661,FOLLOW,-45.5762,31.8396,20.3693,FOLLOW,-44.2594,32.8527,22.3502,FOLLOW
8.500,19.3954,39.9200,12.3221,FOLLOW,20.4153,42.1039,13.2978,FOLLOW,27.3936,37.6746,13.6172,FOLLOW,24.4838,40.3367,14.2950,FOLLOW,28.5625,35.6329,15.4390,FOLLOW,22.5240,40.7936,16.4587,FOLLOW,23.4488,39.3448,17.9445,FOLLOW,26.4209,35.5822,19.5320,FOLLOW,24.1960,37.0714,21.1930,FOLLOW,20.1583,39.9960,23.4497,FOLLOW,18.9012,40.0733,19.8759,FOLLOW,15.4882,39.9682,12.6000,FOLLOW,12.6416,42.9438,12.7679,FOLLOW,12.0559,45.2224,13.5684,FOLLOW,14.2778,44.5026,14.0151,FOLLOW,16.9396,43.0849,14.9356,FOLLOW,10.9182,45.4642,15.7606,FOLLOW,11.7006,44.8014,17.8924,FOLLOW,3.6230,47.3188,24.3944,FOLLOW,5.5060,46.5058,26.2018,FOLLOW,6.5679,40.5244,12.6000,FOLLOW,3.2268,43.6078,12.8537,FOLLOW,0.6556,46.1843,13.1477,FOLLOW,2.4709,47.6208,13.8686,FOLLOW,3.4820,47.6043,15.5950,FOLLOW,2.9792,47.5539,17.5301,FOLLOW,2.4486,47.3457,19.4709,FOLLOW,1.8882,47.1351,21.4995,FOLLOW,1.3655,46.9551,23.7594,FOLLOW,0.0381,46.8836,26.0470,FOLLOW,-2.9493,40.7467,12.1047,FOLLOW,-3.2565,43.6605,12.5484,FOLLOW,-3.3373,46.1550,13.1149,FOLLOW,-3.2683,47.5768,14.5464,FOLLOW,-3.9851,48.2723,16.2801,FOLLOW,-6.9448,48.3316,17.2548,FOLLOW,-9.8779,48.1607,19.9223,FOLLOW,-7.0841,48.1485,22.6558,FOLLOW,-9.6193,47.6181,24.2686,FOLLOW,-3.6107,46.9560,26.0173,FOLLOW,-17.3433,43.0590,12.1769,FOLLOW,-16.8890,45.8598,12.4709,FOLLOW,-16.9691,47.5150,13.7549,FOLLOW,-16.1062,48.4364,15.3078,FOLLOW,-11.2235,48.8555,16.1937,FOLLOW,-14.5199,48.1337,17.3194,FOLLOW,-14.1403,47.8402,19.2620,FOLLOW,-13.9039,47.5512,21.3634,FOLLOW,-13.6242,47.2878,23.5928,FOLLOW,-13.4643,47.0491,25.9606,FOLLOW,-21.3361,39.9363,12.5743,FOLLOW,-20.9584,45.7406,12.9482,FOLLOW,-24.3298,47.0727,13.6263,FOLLOW,-20.1852,48.4843,14.4074,FOLLOW,-23.5578,47.1628,15.4695,FOLLOW,-23.3871,47.0479,17.6740,FOLLOW,-20.6018,47.3546,19.4269,FOLLOW,-20.0434,47.1468,21.5078,FOLLOW,-19.6611,46.9295,23.7382,FOLLOW,-19.2157,46.7476,26.0863,FOLLOW,-26.0664,39.9969,12.6000,FOLLOW,-25.6026,45.7686,12.7845,FOLLOW,-33.3510,43.3999,13.3816,FOLLOW,-32.3029,45.2341,14.2622,FOLLOW,-30.7795,45.7448,15.7654,FOLLOW,-27.8418,46.6172,17.7847,FOLLOW,-28.8238,45.9696,19.8617,FOLLOW,-27.9808,45.9627,21.9529,FOLLOW,-27.2391,45.9088,24.1323,FOLLOW,-26.5595,45.8547,26.4505,FOLLOW,-34.6203,39.6152,12.2368,FOLLOW,-36.5740,42.0976,12.8642,FOLLOW,-37.7482,43.6310,14.1619,FOLLOW,-42.0564,40.6364,14.1859,FOLLOW,-40.0684,42.0626,15.5765,FOLLOW,-37.6008,43.0058,16.5430,FOLLOW,-37.6890,42.5910,18.6381,FOLLOW,-41.4028,39.6086,21.0525,FOLLOW,-44.3221,36.2177,23.0071,FOLLOW,-41.9351,37.7980,24.6360,FOLLOW,-43.9813,38.5008,13.6207,FOLLOW,-49.3620,35.9925,15.0108,FOLLOW,-50.0821,34.3865,16.5004,FOLLOW,-49.4289,34.7965,18.6842,FOLLOW,-47.8927,35.9744,20.4936,FOLLOW
9.000,20.1110,40.9486,12.4323,FOLLOW,21.5354,43.7495,13.0211,FOLLOW,29.4978,39.5935,13.2139,FOLLOW,26.6077,42.7663,13.6229,FOLLOW,31.8546,38.2721,14.3286,FOLLOW,25.2791,44.3067,15.0056,FOLLOW,26.4722,42.8310,16.2091,FOLLOW,29.8625,38.5519,17.5970,FOLLOW,27.3325,40.2396,19.0731,FOLLOW,22.7399,43.5577,21.2270,FOLLOW,21.7173,43.6515,17.9907,FOLLOW,16.1392,40.9498,12.6000,FOLLOW,13.2595,44.2127,12.7013,FOLLOW,12.9299,47.1937,13.1844,FOLLOW,15.4524,46.7593,13.4539,FOLLOW,18.7162,45.8800,14.0095,FOLLOW,12.2434,48.8069,14.5073,FOLLOW,13.5192,49.0246,16.1549,FOLLOW,4.3421,51.8746,22.7138,FOLLOW,6.4850,50.9502,24.3560,FOLLOW,6.9018,41.3093,12.6000,FOLLOW,3.5136,44.6848,12.7531,FOLLOW,0.9230,47.7266,12.9305,FOLLOW,2.9995,50.1272,13.3120,FOLLOW,4.4429,51.6029,14.2737,FOLLOW,3.9715,52.0517,16.1652,FOLLOW,3.4068,51.8691,18.0750,FOLLOW,2.7528,51.6901,19.9562,FOLLOW,2.1864,51.4618,21.9926,FOLLOW,0.6770,51.3798,24.1803,FOLLOW,-2.8623,41.3959,12.3011,FOLLOW,-3.0953,44.7404,12.5688,FOLLOW,-3.0965,47.7565,12.9107,FOLLOW,-3.0259,50.0837,13.7622,FOLLOW,-3.4702,52.0508,14.8373,FOLLOW,-6.8553,53.0287,15.8413,FOLLOW,-10.1906,52.8327,18.4565,FOLLOW,-7.0131,52.8177,21.1498,FOLLOW,-9.8972,52.2148,22.5711,FOLLOW,-3.0613,51.4622,24.1466,FOLLOW,-17.5323,44.0205,12.3447,FOLLOW,-17.2146,47.2889,12.5221,FOLLOW,-17.3350,49.8224,13.2956,FOLLOW,-16.7454,51.8574,14.2354,FOLLOW,-11.3086,53.6232,15.0461,FOLLOW,-15.0525,52.7796,15.8372,FOLLOW,-14.6287,52.4680,17.7668,FOLLOW,-14.3518,52.1504,19.7362,FOLLOW,-14.0402,51.8401,21.8036,FOLLOW,-13.8587,51.5679,24.0822,FOLLOW,-21.5320,40.5896,12.5845,FOLLOW,-21.3040,47.2170,12.8101,FOLLOW,-25.2778,49.6453,13.0898,FOLLOW,-20.8414,51.9300,13.6907,FOLLOW,-24.7076,51.0686,14.4234,FOLLOW,-24.7145,51.5445,16.3670,FOLLOW,-21.5621,51.9179,17.8945,FOLLOW,-20.9288,51.6807,19.8463,FOLLOW,-20.4951,51.4328,21.9685,FOLLOW,-19.9892,51.2252,24.2249,FOLLOW,-26.3216,40.6896,12.6000,FOLLOW,-25.9505,47.2656,12.7113,FOLLOW,-34.3459,45.1423,13.0717,FOLLOW,-33.7134,48.0454,13.6031,FOLLOW,-32.6578,49.9680,14.5951,FOLLOW,-29.3818,51.0821,16.4401,FOLLOW,-30.5027,50.3443,18.3868,FOLLOW,-29.5463,50.3348,20.3509,FOLLOW,-28.7041,50.2724,22.4155,FOLLOW,-27.9321,50.2099,24.6383,FOLLOW,-35.1119,40.4315,12.3808,FOLLOW,-37.4051,43.4800,12.7594,FOLLOW,-39.1657,45.9611,13.4776,FOLLOW,-43.9612,42.8996,13.5571,FOLLOW,-42.6606,45.6349,14.4337,FOLLOW,-39.9935,46.8701,15.0948,FOLLOW,-40.1473,46.4785,17.0501,FOLLOW,-44.4039,43.1175,19.3253,FOLLOW,-47.7316,39.2598,21.1324,FOLLOW,-45.0149,41.0552,22.5727,FOLLOW,-45.0911,39.7669,13.2159,FOLLOW,-52.0814,38.2374,14.0548,FOLLOW,-53.7293,37.1105,15.0515,FOLLOW,-53.1218,37.6571,17.0691,FOLLOW,-51.3763,38.9900,18.7135,FOLLOW
9.500,20.5428,41.5692,12.4988,FOLLOW,22.2113,44.7425,12.8541,FOLLOW,30.7676,40.7515,12.9704,FOLLOW,27.8894,44.2325,13.2173,FOLLOW,33.8870,39.9025,13.6432,FOLLOW,27.0876,46.6173,14.0517,FOLLOW,28.9603,45.7205,14.7810,FOLLOW,33.1694,41.4384,15.7377,FOLLOW,30.4556,43.4264,16.9623,FOLLOW,25.3119,47.1313,19.0126,FOLLOW,24.5123,47.2368,16.1197,FOLLOW,16.5321,41.5423,12.6000,FOLLOW,13.6325,44.9785,12.6611,FOLLOW,13.4573,48.3834,12.9527,FOLLOW,16.1613,48.1212,13.1153,FOLLOW,19.7884,47.5668,13.4506,FOLLOW,13.0430,50.8240,13.7510,FOLLOW,14.9931,52.4665,14.7467,FOLLOW,5.0591,56.4325,21.0383,FOLLOW,7.4612,55.3973,22.5153,FOLLOW,7.1033,41.7830,12.6000,COMPLED,3.6866,45.3347,12.6924,FOLLOW,1.0844,48.6574,12.7995,FOLLOW,3.3289,51.6208,13.0296,FOLLOW,4.9907,54.0137,13.5723,FOLLOW,4.9844,56.4307,14.6643,FOLLOW,4.3414,56.3911,16.5911,FOLLOW,3.6068,56.2318,18.4445,FOLLOW,2.9848,55.9900,20.3299,FOLLOW,1.3139,55.8784,22.3191,FOLLOW,-2.8099,41.7876,12.4196,COMPLED,-2.9980,45.3921,12.5812,FOLLOW,-2.9512,48.7230,12.7875,FOLLOW,-2.8848,51.5945,13.3014,FOLLOW,-3.1529,54.3440,13.9502,FOLLOW,-6.7754,57.2478,14.5799,FOLLOW,-10.5018,57.5069,16.9977,FOLLOW,-6.9423,57.4884,19.6487,FOLLOW,-10.1743,56.8135,20.8789,FOLLOW,-2.5135,55.9707,22.2814,FOLLOW,-17.6464,44.6008,12.4459,FOLLOW,-17.4110,48.1513,12.5530,FOLLOW,-17.5551,51.2148,13.0197,FOLLOW,-17.1319,53.9219,13.5869,FOLLOW,-11.3802,57.6561,14.0808,FOLLOW,-15.5818,57.0490,14.3318,FOLLOW,-15.0784,56.9933,16.2674,FOLLOW,-14.7744,56.7504,18.2856,FOLLOW,-14.4305,56.4293,20.1905,FOLLOW,-14.2520,56.0891,22.2095,FOLLOW,-21.6501,40.9838,12.5906,COMPLED,-21.5126,48.1079,12.7268,FOLLOW,-25.7981,51.1516,12.8956,FOLLOW,-21.2374,54.0093,13.2582,FOLLOW,-25.4542,53.4899,13.6990,FOLLOW,-26.0310,56.0168,15.0189,FOLLOW,-22.5150,56.4841,16.3542,FOLLOW,-21.8128,56.2189,18.2080,FOLLOW,-21.3262,55.9389,20.2049,FOLLOW,-20.7605,55.7054,22.3688,FOLLOW,-26.4756,41.1076,12.6000,COMPLED,-26.1605,48.1690,12.6672,FOLLOW,-34.9463,46.1937,12.8846,FOLLOW,-34.5646,49.7419,13.2053,FOLLOW,-33.9276,52.8293,13.8040,FOLLOW,-30.9084,55.5420,15.1072,FOLLOW,-32.1742,54.7239,16.9185,FOLLOW,-31.1060,54.7110,18.7547,FOLLOW,-30.1646,54.6394,20.7040,FOLLOW,-29.3011,54.5681,22.8308,FOLLOW,-35.4086,40.9241,12.4677,FOLLOW,-37.9067,44.3142,12.6962,FOLLOW,-40.0120,47.3461,13.1296,FOLLOW,-45.1107,44.2653,13.1776,FOLLOW,-44.3100,47.9106,13.7066,FOLLOW,-41.6200,49.5528,13.9402,FOLLOW,-42.5262,50.2285,15.6113,FOLLOW,-47.3940,46.6385,17.6045,FOLLOW,-51.1319,42.3150,19.2629,FOLLOW,-48.0862,44.3236,20.5150,FOLLOW,-45.7608,40.5310,12.9717,FOLLOW,-53.7225,39.5921,13.4779,FOLLOW,-56.1766,38.9437,14.0785,FOLLOW,-56.7635,40.5128,15.4771,FOLLOW,-54.8474,42.0233,16.9397,FOLLOW
10.000,20.8115,41.9521,12.5402,COMPLED,22.6319,45.3571,12.7502,FOLLOW,31.5576,41.4687,12.8190,FOLLOW,28.6869,45.1415,12.9649,FOLLOW,35.1516,40.9137,13.2167,FOLLOW,28.2129,48.0518,13.4582,FOLLOW,30.5138,47.5216,13.8893,FOLLOW,35.4510,43.4325,14.4549,FOLLOW,33.0905,46.1326,15.1815,FOLLOW,27.9662,50.8515,16.7273,FOLLOW,26.6619,50.0043,14.6807,FOLLOW,16.7766,41.9076,12.6000,COMPLED,13.8645,45.4516,12.6361,COMPLED,13.7855,49.1203,12.8085,FOLLOW,16.6023,48.9653,12.9046,FOLLOW,20.4555,48.6131,13.1028,FOLLOW,13.5406,52.0758,13.2804,FOLLOW,15.9118,54.6086,13.8690,FOLLOW,5.8019,61.1717,19.3024,FOLLOW,8.4730,60.0218,20.6076,FOLLOW,7.2287,42.0744,12.6000,COMPLED,3.7943,45.7358,12.6546,COMPLED,1.1848,49.2332,12.7179,FOLLOW,3.5337,52.5468,12.8540,FOLLOW,5.3216,55.5150,13.1748,FOLLOW,5.7720,59.6357,13.4517,FOLLOW,5.2505,60.7064,15.0607,FOLLOW,4.4223,60.8173,16.8780,FOLLOW,3.7682,60.7000,18.7648,FOLLOW,1.9740,60.5562,20.3903,FOLLOW,-2.7772,42.0281,12.4934,COMPLED,-2.9375,45.7943,12.5889,COMPLED,-2.8607,49.3211,12.7108,FOLLOW,-2.7970,52.5313,13.0146,FOLLOW,-2.9555,55.7675,13.3981,FOLLOW,-6.7241,59.9536,13.7704,FOLLOW,-10.8234,62.3674,15.4905,FOLLOW,-6.8690,62.3441,18.0941,FOLLOW,-10.4614,61.5947,19.1259,FOLLOW,-1.9458,60.6587,20.3487,FOLLOW,-17.7174,44.9585,12.5089,COMPLED,-17.5333,48.6847,12.5722,COMPLED,-17.6920,52.0779,12.8481,FOLLOW,-17.3723,55.2032,13.1834,FOLLOW,-11.4251,60.1827,13.4754,FOLLOW,-15.9820,60.0096,13.1299,FOLLOW,-15.5066,61.0578,14.7667,FOLLOW,-15.2145,61.3166,16.7301,FOLLOW,-14.7644,61.1487,18.6719,FOLLOW,-14.6352,60.8824,20.6916,FOLLOW,-21.7237,41.2259,12.5945,COMPLED,-21.6424,48.6590,12.6750,FOLLOW,-26.1219,52.0855,12.7747,FOLLOW,-21.4838,55.2999,12.9891,FOLLOW,-25.9186,54.9928,13.2497,FOLLOW,-26.9955,59.2995,14.0300,FOLLOW,-23.4692,60.9849,14.7195,FOLLOW,-22.7016,60.8758,16.5633,FOLLOW,-22.1673,60.6261,18.5147,FOLLOW,-21.5598,60.3640,20.4454,FOLLOW,-26.5715,41.3645,12.6000,COMPLED,-26.2911,48.7278,12.6397,FOLLOW,-35.3199,46.8446,12.7683,FOLLOW,-35.0942,50.7943,12.9578,FOLLOW,-34.7177,54.6064,13.3117,FOLLOW,-32.0825,58.9820,14.0821,FOLLOW,-33.9004,59.2792,15.4020,FOLLOW,-32.7204,59.2638,17.1025,FOLLOW,-31.6776,59.1818,18.9309,FOLLOW,-30.7203,59.1006,20.9570,FOLLOW,-35.5931,41.2273,12.5218,COMPLED,-38.2188,44.8300,12.6569,FOLLOW,-40.5386,48.2046,12.9131,FOLLOW,-45.8259,45.1118,12.9414,FOLLOW,-45.3362,49.3232,13.2542,FOLLOW,-42.6012,51.1281,13.3922,FOLLOW,-44.2817,53.0485,14.3801,FOLLOW,-50.4817,50.3067,15.8276,FOLLOW,-54.6552,45.5065,17.3257,FOLLOW,-51.2688,47.7339,18.3827,FOLLOW,-46.1775,41.0031,12.8197,FOLLOW,-54.7436,40.4318,13.1190,FOLLOW,-57.6989,40.0812,13.4740,FOLLOW,-59.4523,42.6278,14.3008,FOLLOW,-58.1930,44.9756,15.2301,FOLLOW
10.500,20.9657,42.1725,12.5639,COMPLED,22.8732,45.7104,12.6906,COMPLED,32.0109,41.8809,12.7321,FOLLOW,29.1445,45.6637,12.8201,FOLLOW,35.8771,41.4945,12.9720,FOLLOW,28.8585,48.8754,13.1177,FOLLOW,31.4051,48.5556,13.3777,FOLLOW,36.7600,44.5772,13.7189,FOLLOW,34.6060,47.6899,14.1572,FOLLOW,29.8683,53.5322,15.0897,FOLLOW,27.8952,51.5927,13.8551,FOLLOW,16.9168,42.1178,12.6000,COMPLED,13.9976,45.7238,12.6218,COMPLED,13.9738,49.5437,12.7258,COMPLED,16.8553,49.4503,12.7838,FOLLOW,20.8382,49.2140,12.9033,FOLLOW,13.8260,52.7947,13.0104,FOLLOW,16.4388,55.8382,13.3655,FOLLOW,6.5127,65.7318,17.6415,FOLLOW,9.4416,64.4725,18.7814,FOLLOW,7.3006,42.2423,12.6000,COMPLED,3.8561,45.9666,12.6330,COMPLED,1.2424,49.5642,12.6711,COMPLED,3.6513,53.0788,12.7532,FOLLOW,5.5114,56.3770,12.9467,FOLLOW,6.1147,61.3660,13.1058,FOLLOW,5.8998,63.5570,13.9213,FOLLOW,5.2483,64.9479,15.2508,FOLLOW,4.5605,65.1078,17.1223,FOLLOW,2.6057,65.0579,18.5444,FOLLOW,-2.7585,42.1667,12.5357,COMPLED,-2.9028,46.0257,12.5933,COMPLED,-2.8089,49.6648,12.6669,COMPLED,-2.7466,53.0694,12.8501,FOLLOW,-2.8422,56.5849,13.0815,FOLLOW,-6.6947,61.5065,13.3060,FOLLOW,-11.0680,66.0851,14.3437,FOLLOW,-6.7989,67.0155,16.6075,FOLLOW,-10.7360,66.1951,17.4491,FOLLOW,-1.4026,65.1701,18.4990,FOLLOW,-17.7581,45.1644,12.5451,COMPLED,-17.6034,48.9913,12.5832,COMPLED,-17.7706,52.5737,12.7497,COMPLED,-17.5103,55.9389,12.9519,FOLLOW,-11.4508,61.6328,13.1280,FOLLOW,-16.1174,61.5503,12.9037,FOLLOW,-15.8100,63.7826,13.7603,FOLLOW,-15.6409,65.4194,15.0138,FOLLOW,-15.1229,65.5093,16.9439,FOLLOW,-15.0271,65.3794,18.9400,FOLLOW,-21.7659,41.3654,12.5967,COMPLED,-21.7168,48.9758,12.6452,COMPLED,-26.3076,52.6219,12.7054,FOLLOW,-21.6251,56.0409,12.8347,FOLLOW,-26.1850,55.8557,12.9919,FOLLOW,-27.5488,61.1834,13.4626,FOLLOW,-24.1020,63.7539,13.6519,FOLLOW,-23.4603,65.1052,14.9988,FOLLOW,-22.9378,64.9937,16.9262,FOLLOW,-22.2882,64.8362,18.8113,FOLLOW,-26.6264,41.5125,12.6000,COMPLED,-26.3661,49.0491,12.6240,COMPLED,-35.5342,47.2187,12.7015,COMPLED,-35.3981,51.3986,12.8159,FOLLOW,-35.1709,55.6266,13.0293,FOLLOW,-32.7560,60.9562,13.4941,FOLLOW,-35.2534,62.6887,14.1426,FOLLOW,-34.1880,63.5581,15.5958,FOLLOW,-33.0897,63.5576,17.3400,FOLLOW,-32.0794,63.4632,19.1627,FOLLOW,-35.6990,41.4020,12.5528,COMPLED,-38.3978,45.1266,12.6343,COMPLED,-40.8407,48.6977,12.7888,FOLLOW,-46.2362,45.5982,12.8060,FOLLOW,-45.9249,50.1344,12.9946,FOLLOW,-43.1642,52.0325,13.0779,FOLLOW,-45.2889,54.6670,13.6738,FOLLOW,-52.7070,52.9655,14.5469,FOLLOW,-57.8809,48.4633,15.5521,FOLLOW,-54.2988,51.0172,16.3526,FOLLOW,-46.4166,41.2747,12.7325,COMPLED,-55.3294,40.9142,12.9131,FOLLOW,-58.5723,40.7344,13.1272,FOLLOW,-60.9949,43.8418,13.6259,FOLLOW,-60.2353,46.7817,14.1865,FOLLOW
11.000,21.0586,42.3078,12.5782,COMPLED,23.0186,45.9259,12.6547,COMPLED,32.2842,42.1319,12.6797,COMPLED,29.4203,45.9809,12.7328,COMPLED,36.3144,41.8472,12.8245,FOLLOW,29.2477,49.3744,12.9124,FOLLOW,31.9423,49.1814,13.0693,FOLLOW,37.5491,45.2698,13.2752,FOLLOW,35.5196,48.6313,13.5397,FOLLOW,31.0150,55.1507,14.1024,FOLLOW,28.6386,52.5528,13.3574,FOLLOW,17.0013,42.2471,12.6000,COMPLED,14.0779,45.8903,12.6132,COMPLED,14.0873,49.8015,12.6759,COMPLED,17.0079,49.7451,12.7109,COMPLED,21.0689,49.5787,12.7830,COMPLED,13.9981,53.2305,12.8477,COMPLED,16.7565,56.5819,13.0620,FOLLOW,7.2191,70.3002,15.9907,FOLLOW,10.4049,68.9321,16.9650,FOLLOW,7.3440,42.3460,12.6000,COMPLED,3.8933,46.1083,12.6199,COMPLED,1.2772,49.7663,12.6429,COMPLED,3.7222,53.4020,12.6925,COMPLED,5.6259,56.8992,12.8092,FOLLOW,6.3190,62.4120,12.9052,FOLLOW,6.2369,65.2172,13.3973,FOLLOW,5.8346,67.6430,14.1234,FOLLOW,5.2985,69.1843,15.4607,FOLLOW,3.2338,69.5681,16.7090,FOLLOW,-2.7472,42.2528,12.5612,COMPLED,-2.8819,46.1677,12.5960,COMPLED,-2.7776,49.8746,12.6404,COMPLED,-2.7162,53.3963,12.7509,COMPLED,-2.7739,57.0801,12.8905,COMPLED,-6.6770,62.4453,13.0261,FOLLOW,-11.2155,68.3290,13.6522,FOLLOW,-6.7305,71.6167,15.1553,FOLLOW,-11.0085,70.7992,15.7846,FOLLOW,-0.8624,69.6900,16.6599,FOLLOW,-17.7826,45.2911,12.5668,COMPLED,-17.6457,49.1787,12.5899,COMPLED,-17.8179,52.8751,12.6903,COMPLED,-17.5934,56.3850,12.8124,COMPLED,-11.4664,62.5096,12.9187,FOLLOW,-16.1977,62.4835,12.7833,FOLLOW,-15.9726,65.3970,13.3002,FOLLOW,-15.9244,67.9913,13.8677,FOLLOW,-15.5066,69.4372,15.2304,FOLLOW,-15.4089,69.7732,17.2001,FOLLOW,-21.7913,41.4520,12.5980,COMPLED,-21.7617,49.1693,12.6273,COMPLED,-26.4196,52.9478,12.6636,COMPLED,-21.7103,56.4901,12.7416,COMPLED,-26.3456,56.3784,12.8365,FOLLOW,-27.8824,62.3216,13.1205,FOLLOW,-24.4105,65.3876,13.2348,FOLLOW,-24.0625,67.8536,13.7574,FOLLOW,-23.6713,69.0263,15.3318,FOLLOW,-22.9877,69.2137,17.2024,FOLLOW,-26.6596,41.6042,12.6000,COMPLED,-26.4112,49.2453,12.6145,COMPLED,-35.6634,47.4468,12.6613,COMPLED,-35.5813,51.7655,12.7303,COMPLED,-35.4442,56.2441,12.8591,FOLLOW,-33.1621,62.1488,13.1395,FOLLOW,-35.9829,64.6934,13.5293,FOLLOW,-35.4392,66.8908,14.2483,FOLLOW,-34.4488,67.8006,15.7303,FOLLOW,-33.3965,67.8326,17.4745,FOLLOW,-35.7629,41.5098,12.5715,COMPLED,-38.5058,45.3079,12.6207,COMPLED,-41.0228,48.9975,12.7140,COMPLED,-46.4836,45.8938,12.7243,COMPLED,-46.2799,50.6258,12.8381,FOLLOW,-43.5036,52.5803,12.8884,FOLLOW,-45.8960,55.6452,13.2480,FOLLOW,-54.0485,54.5708,13.7749,FOLLOW,-60.0100,50.4224,14.3815,FOLLOW,-56.5199,53.4387,14.8646,FOLLOW,-46.5607,41.4409,12.6800,COMPLED,-55.6826,41.2075,12.7889,COMPLED,-59.0988,41.1307,12.9181,FOLLOW,-61.9248,44.5762,13.2191,FOLLOW,-61.4664,47.8730,13.5574,FOLLOW
11.500,21.1147,42.3895,12.5869,COMPLED,23.1064,46.0559,12.6330,COMPLED,32.4491,42.2833,12.6481,COMPLED,29.5867,46.1724,12.6802,COMPLED,36.5784,42.0600,12.7355,COMPLED,29.4826,49.6755,12.7885,COMPLED,32.2666,49.5591,12.8832,COMPLED,38.0253,45.6877,13.0075,FOLLOW,36.0710,49.1993,13.1671,FOLLOW,31.7069,56.1274,13.5067,FOLLOW,29.0872,53.1321,13.0571,FOLLOW,17.0524,42.3251,12.6000,COMPLED,14.1263,45.9908,12.6079,COMPLED,14.1558,49.9571,12.6458,COMPLED,17.0999,49.9230,12.6669,COMPLED,21.2081,49.7988,12.7105,COMPLED,14.1020,53.4935,12.7495,COMPLED,16.9482,57.0308,12.8788,COMPLED,7.7937,74.0360,14.6479,FOLLOW,11.2931,73.0735,15.2904,FOLLOW,7.3702,42.4086,12.6000,COMPLED,3.9158,46.1937,12.6120,COMPLED,1.2981,49.8882,12.6259,COMPLED,3.7649,53.5970,12.6558,COMPLED,5.6949,57.2143,12.7263,COMPLED,6.4423,63.0432,12.7842,FOLLOW,6.4404,66.2191,13.0812,FOLLOW,6.1619,69.2414,13.5193,FOLLOW,5.7948,71.8052,14.3263,FOLLOW,3.7842,73.5459,15.1008,FOLLOW,-2.7404,42.3047,12.5766,COMPLED,-2.8692,46.2534,12.5976,COMPLED,-2.7587,50.0012,12.6244,COMPLED,-2.6979,53.5936,12.6911,COMPLED,-2.7327,57.3790,12.7753,COMPLED,-6.6663,63.0117,12.8571,FOLLOW,-11.3045,69.6831,13.2350,FOLLOW,-6.6827,74.8354,14.1420,FOLLOW,-11.2153,74.3064,14.5218,FOLLOW,-0.3944,73.6312,15.0665,FOLLOW,-17.7975,45.3675,12.5800,COMPLED,-17.6712,49.2917,12.5939,COMPLED,-17.8465,53.0570,12.6545,COMPLED,-17.6436,56.6542,12.7282,COMPLED,-11.4757,63.0386,12.7923,FOLLOW,-16.2462,63.0467,12.7106,FOLLOW,-16.0707,66.3712,13.0225,FOLLOW,-16.0615,69.4793,13.3650,FOLLOW,-15.7767,71.9014,14.1335,FOLLOW,-15.7435,73.6287,15.4499,FOLLOW,-21.8066,41.5043,12.5988,COMPLED,-21.7888,49.2861,12.6165,COMPLED,-26.4872,53.1445,12.6384,COMPLED,-21.7618,56.7612,12.6855,COMPLED,-26.4425,56.6938,12.7427,COMPLED,-28.0837,63.0085,12.9141,FOLLOW,-24.5967,66.3735,12.9831,FOLLOW,-24.3510,69.3922,13.2985,FOLLOW,-24.1895,71.6774,14.1718,FOLLOW,-23.6692,73.2218,15.4997,FOLLOW,-26.6796,41.6596,12.6000,COMPLED,-26.4385,49.3636,12.6087,COMPLED,-35.7414,47.5844,12.6370,COMPLED,-35.6918,51.9869,12.6786,COMPLED,-35.6091,56.6167,12.7564,COMPLED,-33.4071,62.8685,12.9256,FOLLOW,-36.4219,65.9030,13.1608,FOLLOW,-36.1068,68.8431,13.5930,FOLLOW,-35.5484,70.9465,14.3942,FOLLOW,-34.6634,72.0674,15.8044,FOLLOW,-35.8014,41.5748,12.5828,COMPLED,-38.5709,45.4173,12.6125,COMPLED,-41.1327,49.1785,12.6688,COMPLED,-46.6328,46.0723,12.6750,COMPLED,-46.4941,50.9224,12.7437,COMPLED,-43.7084,52.9108,12.7740,COMPLED,-46.2624,56.2355,12.9910,FOLLOW,-54.8580,55.5395,13.3090,FOLLOW,-61.2947,51.6046,13.6751,FOLLOW,-57.8602,54.9000,13.9666,FOLLOW,-46.6477,41.5412,12.6483,COMPLED,-55.8957,41.3844,12.7140,COMPLED,-59.4165,41.3699,12.7920,COMPLED,-62.4860,45.0194,12.9736,FOLLOW,-62.2094,48.5316,13.1778,FOLLOW
12.000,21.1495,42.4403,12.5922,COMPLED,23.1610,46.1368,12.6195,COMPLED,32.5516,42.3775,12.6285,COMPLED,29.6902,46.2915,12.6474,COMPLED,36.7425,42.1923,12.6801,COMPLED,29.6286,49.8628,12.7115,COMPLED,32.4682,49.7939,12.7675,COMPLED,38.3214,45.9476,12.8410,COMPLED,36.4138,49.5526,12.9354,COMPLED,32.1372,56.7348,13.1362,FOLLOW,29.3662,53.4924,12.8703,COMPLED,17.0841,42.3736,12.6000,COMPLED,14.1564,46.0533,12.6047,COMPLED,14.1984,50.0538,12.6271,COMPLED,17.1572,50.0337,12.6396,COMPLED,21.2947,49.9357,12.6653,COMPLED,14.1665,53.6571,12.6884,COMPLED,17.0674,57.3099,12.7649,COMPLED,8.1517,76.3642,13.8111,FOLLOW,11.8762,75.7949,14.1911,FOLLOW,7.3864,42.4475,12.6000,COMPLED,3.9298,46.2469,12.6071,COMPLED,1.3111,49.9641,12.6153,COMPLED,3.7915,53.7183,12.6330,COMPLED,5.7379,57.4102,12.6747,COMPLED,6.5190,63.4357,12.7089,COMPLED,6.5669,66.8421,12.8846,FOLLOW,6.3654,70.2353,13.1437,FOLLOW,6.1034,73.4350,13.6209,FOLLOW,4.1339,76.0743,14.0789,FOLLOW,-2.7361,42.3370,12.5862,COMPLED,-2.8614,46.3067,12.5986,COMPLED,-2.7470,50.0799,12.6144,COMPLED,-2.6865,53.7163,12.6539,COMPLED,-2.7071,57.5648,12.7037,COMPLED,-6.6596,63.3640,12.7521,COMPLED,-11.3599,70.5251,12.9755,FOLLOW,-6.6530,76.8369,13.5120,FOLLOW,-11.3439,76.4873,13.7365,FOLLOW,-0.0984,76.1248,14.0587,FOLLOW,-17.8067,45.4150,12.5882,COMPLED,-17.6870,49.3620,12.5964,COMPLED,-17.8643,53.1701,12.6322,COMPLED,-17.6748,56.8215,12.6758,COMPLED,-11.4816,63.3676,12.7137,COMPLED,-16.2764,63.3969,12.6654,COMPLED,-16.1317,66.9770,12.8499,FOLLOW,-16.1467,70.4046,13.0524,FOLLOW,-15.9415,73.4183,13.5069,FOLLOW,-15.9587,76.0865,14.2854,FOLLOW,-21.8162,41.5368,12.5993,COMPLED,-21.8056,49.3587,12.6097,COMPLED,-26.5292,53.2668,12.6227,COMPLED,-21.7937,56.9298,12.6506,COMPLED,-26.5028,56.8899,12.6844,COMPLED,-28.2088,63.4356,12.7858,COMPLED,-24.7124,66.9865,12.8265,FOLLOW,-24.5304,70.3490,13.0131,FOLLOW,-24.4839,73.2981,13.5296,FOLLOW,-24.1394,75.8499,14.3149,FOLLOW,-26.6920,41.6940,12.6000,COMPLED,-26.4555,49.4373,12.6052,COMPLED,-35.7898,47.6700,12.6219,COMPLED,-35.7605,52.1246,12.6465,COMPLED,-35.7116,56.8484,12.6925,COMPLED,-33.5595,63.3161,12.7926,COMPLED,-36.6949,66.6552,12.9316,FOLLOW,-36.5208,70.0569,13.1873,FOLLOW,-36.1742,72.8618,13.6611,FOLLOW,-35.6386,75.1631,14.4951,FOLLOW,-35.8253,41.6153,12.5898,COMPLED,-38.6114,45.4853,12.6074,COMPLED,-41.2011,49.2910,12.6407,COMPLED,-46.7257,46.1832,12.6444,COMPLED,-46.6272,51.1069,12.6850,COMPLED,-43.8357,53.1163,12.7029,COMPLED,-46.4902,56.6025,12.8313,COMPLED,-55.3614,56.1419,13.0193,FOLLOW,-62.0937,52.3398,13.2358,FOLLOW,-58.6937,55.8086,13.4082,FOLLOW,-46.7017,41.6035,12.6285,COMPLED,-56.0282,41.4945,12.6674,COMPLED,-59.6141,41.5186,12.7135,COMPLED,-62.8349,45.2949,12.8210,COMPLED,-62.6713,48.9411,12.9417,FOLLOW
12.500,21.1695,42.4694,12.5953,COMPLED,23.1923,46.1832,12.6118,COMPLED,32.6104,42.4315,12.6172,COMPLED,29.7496,46.3598,12.6286,COMPLED,36.8367,42.2682,12.6484,COMPLED,29.7124,49.9703,12.6673,COMPLED,32.5839,49.9287,12.7011,COMPLED,38.4914,46.0968,12.7454,COMPLED,36.6106,49.7553,12.8024,COMPLED,32.3842,57.0833,12.9236,COMPLED,29.5263,53.6991,12.7631,COMPLED,17.1023,42.4014,12.6000,COMPLED,14.1737,46.0892,12.6028,COMPLED,14.2228,50.1093,12.6163,COMPLED,17.1900,50.0972,12.6239,COMPLED,21.3444,50.0143,12.6394,COMPLED,14.2036,53.7510,12.6533,COMPLED,17.1359,57.4700,12.6995,COMPLED,8.3573,77.7003,13.3309,FOLLOW,12.2108,77.3568,13.5601,FOLLOW,7.3958,42.4698,12.6000,COMPLED,3.9378,46.2774,12.6043,COMPLED,1.3186,50.0076,12.6093,COMPLED,3.8068,53.7879,12.6199,COMPLED,5.7625,57.5227,12.6451,COMPLED,6.5630,63.6610,12.6657,COMPLED,6.6395,67.1997,12.7717,COMPLED,6.4822,70.8057,12.9281,FOLLOW,6.2805,74.3703,13.2161,FOLLOW,4.3346,77.5254,13.4925,FOLLOW,-2.7337,42.3556,12.5916,COMPLED,-2.8569,46.3373,12.5991,COMPLED,-2.7403,50.1251,12.6087,COMPLED,-2.6800,53.7867,12.6325,COMPLED,-2.6924,57.6715,12.6626,COMPLED,-6.6558,63.5661,12.6918,COMPLED,-11.3917,71.0084,12.8266,COMPLED,-6.6359,77.9856,13.1503,FOLLOW,-11.4177,77.7390,13.2859,FOLLOW,0.0715,77.5559,13.4803,FOLLOW,-17.8120,45.4423,12.5929,COMPLED,-17.6961,49.4024,12.5978,COMPLED,-17.8745,53.2350,12.6195,COMPLED,-17.6928,56.9176,12.6457,COMPLED,-11.4849,63.5565,12.6686,COMPLED,-16.2937,63.5979,12.6395,COMPLED,-16.1667,67.3247,12.7508,COMPLED,-16.1956,70.9356,12.8730,FOLLOW,-16.0361,74.2889,13.1473,FOLLOW,-16.0821,77.4971,13.6171,FOLLOW,-21.8217,41.5554,12.5996,COMPLED,-21.8153,49.4004,12.6059,COMPLED,-26.5533,53.3370,12.6137,COMPLED,-21.8121,57.0266,12.6305,COMPLED,-26.5374,57.0025,12.6509,COMPLED,-28.2807,63.6808,12.7121,COMPLED,-24.7789,67.3384,12.7367,COMPLED,-24.6333,70.8981,12.8493,FOLLOW,-24.6529,74.2283,13.1610,FOLLOW,-24.4093,77.3583,13.6349,FOLLOW,-26.6991,41.7137,12.6000,COMPLED,-26.4652,49.4795,12.6031,COMPLED,-35.8177,47.7191,12.6132,COMPLED,-35.8000,52.2036,12.6281,COMPLED,-35.7704,56.9814,12.6558,COMPLED,-33.6469,63.5729,12.7162,COMPLED,-36.8516,67.0868,12.8001,COMPLED,-36.7584,70.7536,12.9544,FOLLOW,-36.5334,73.9610,13.2403,FOLLOW,-36.1983,76.9399,13.7436,FOLLOW,-35.8391,41.6385,12.5939,COMPLED,-38.6346,45.5244,12.6045,COMPLED,-41.2403,49.3556,12.6245,COMPLED,-46.7789,46.2469,12.6268,COMPLED,-46.7037,51.2127,12.6513,COMPLED,-43.9088,53.2343,12.6621,COMPLED,-46.6210,56.8132,12.7396,COMPLED,-55.6503,56.4876,12.8530,COMPLED,-62.5522,52.7617,12.9837,FOLLOW,-59.1720,56.3302,13.0877,FOLLOW,-46.7328,41.6393,12.6172,COMPLED,-56.1043,41.5577,12.6407,COMPLED,-59.7274,41.6039,12.6685,COMPLED,-63.0352,45.4531,12.7333,COMPLED,-62.9365,49.1761,12.8062,COMPLED
13.000,21.1816,42.4870,12.5972,COMPLED,23.2112,46.2112,12.6071,COMPLED,32.6460,42.4642,12.6104,COMPLED,29.7855,46.4011,12.6173,COMPLED,36.8935,42.3141,12.6292,COMPLED,29.7630,50.0351,12.6406,COMPLED,32.6537,50.0100,12.6610,COMPLED,38.5939,46.1868,12.6878,COMPLED,36.7293,49.8776,12.7221,COMPLED,32.5332,57.2937,12.7953,COMPLED,29.6230,53.8239,12.6984,COMPLED,17.1133,42.4182,12.6000,COMPLED,14.1841,46.1109,12.6017,COMPLED,14.2376,50.1428,12.6099,COMPLED,17.2098,50.1355,12.6144,COMPLED,21.3744,50.0617,12.6238,COMPLED,14.2260,53.8076,12.6322,COMPLED,17.1772,57.5667,12.6600,COMPLED,8.4813,78.5067,13.0411,FOLLOW,12.4127,78.2994,13.1794,FOLLOW,7.4014,42.4833,12.6000,COMPLED,3.9426,46.2958,12.6026,COMPLED,1.3231,50.0338,12.6056,COMPLED,3.8160,53.8299,12.6120,COMPLED,5.7774,57.5905,12.6272,COMPLED,6.5896,63.7969,12.6397,COMPLED,6.6833,67.4154,12.7036,COMPLED,6.5527,71.1499,12.7980,COMPLED,6.3874,74.9348,12.9718,FOLLOW,4.4557,78.4011,13.1386,FOLLOW,-2.7322,42.3668,12.5950,COMPLED,-2.8541,46.3557,12.5995,COMPLED,-2.7362,50.1523,12.6052,COMPLED,-2.6760,53.8292,12.6196,COMPLED,-2.6835,57.7358,12.6378,COMPLED,-6.6535,63.6881,12.6554,COMPLED,-11.4108,71.3000,12.7368,COMPLED,-6.6257,78.6789,12.9321,FOLLOW,-11.4622,78.4943,13.0139,FOLLOW,0.1740,78.4195,13.1312,FOLLOW,-17.8151,45.4588,12.5957,COMPLED,-17.7016,49.4267,12.5987,COMPLED,-17.8806,53.2742,12.6117,COMPLED,-17.7036,56.9756,12.6276,COMPLED,-11.4869,63.6704,12.6414,COMPLED,-16.3041,63.7192,12.6238,COMPLED,-16.1878,67.5345,12.6910,COMPLED,-16.2251,71.2561,12.7648,COMPLED,-16.0931,74.8143,12.9303,FOLLOW,-16.1566,78.3483,13.2138,FOLLOW,-21.8250,41.5667,12.5997,COMPLED,-21.8211,49.4255,12.6036,COMPLED,-26.5679,53.3793,12.6083,COMPLED,-21.8232,57.0850,12.6184,COMPLED,-26.5582,57.0704,12.6307,COMPLED,-28.3240,63.8287,12.6677,COMPLED,-24.8190,67.5507,12.6825,COMPLED,-24.6955,71.2295,12.7504,COMPLED,-24.7548,74.7896,12.9385,FOLLOW,-24.5722,78.2685,13.2245,FOLLOW,-26.7035,41.7257,12.6000,COMPLED,-26.4711,49.5050,12.6019,COMPLED,-35.8345,47.7487,12.6080,COMPLED,-35.8238,52.2512,12.6169,COMPLED,-35.8060,57.0617,12.6337,COMPLED,-33.6997,63.7279,12.6701,COMPLED,-36.9461,67.3473,12.7208,COMPLED,-36.9018,71.1740,12.8139,COMPLED,-36.7501,74.6243,12.9864,FOLLOW,-36.5360,78.0121,13.2901,FOLLOW,-35.8474,41.6525,12.5963,COMPLED,-38.6487,45.5479,12.6027,COMPLED,-41.2640,49.3945,12.6148,COMPLED,-46.8111,46.2853,12.6162,COMPLED,-46.7498,51.2766,12.6310,COMPLED,-43.9529,53.3055,12.6375,COMPLED,-46.6999,56.9403,12.6842,COMPLED,-55.8247,56.6963,12.7527,COMPLED,-62.8289,53.0163,12.8315,COMPLED,-59.4607,56.6449,12.8943,COMPLED,-46.7515,41.6609,12.6104,COMPLED,-56.1502,41.5958,12.6246,COMPLED,-59.7959,41.6554,12.6414,COMPLED,-63.1561,45.5486,12.6805,COMPLED,-63.0965,49.3180,12.7244,COMPLED
13.500,21.1891,42.4980,12.5983,COMPLED,23.2230,46.2286,12.6042,COMPLED,32.6680,42.4844,12.6061,COMPLED,29.8078,46.4267,12.6102,COMPLED,36.9289,42.3426,12.6173,COMPLED,29.7945,50.0754,12.6240,COMPLED,32.6972,50.0606,12.6361,COMPLED,38.6577,46.2428,12.6519,COMPLED,36.8031,49.9537,12.6722,COMPLED,32.6259,57.4245,12.7155,COMPLED,29.6830,53.9015,12.6582,COMPLED,17.1201,42.4287,12.6000,COMPLED,14.1906,46.1243,12.6010,COMPLED,14.2467,50.1637,12.6058,COMPLED,17.2222,50.1593,12.6085,COMPLED,21.3930,50.0911,12.6141,COMPLED,14.2399,53.8428,12.6190,COMPLED,17.2028,57.6268,12.6355,COMPLED,8.5584,79.0081,12.8608,COMPLED,12.5383,78.8855,12.9427,FOLLOW,7.4049,42.4917,12.6000,COMPLED,3.9456,46.3072,12.6015,COMPLED,1.3259,50.0502,12.6033,COMPLED,3.8217,53.8560,12.6071,COMPLED,5.7866,57.6327,12.6161,COMPLED,6.6061,63.8814,12.6235,COMPLED,6.7106,67.5496,12.6613,COMPLED,6.5966,71.3640,12.7171,COMPLED,6.4538,75.2858,12.8199,COMPLED,4.5310,78.9457,12.9185,FOLLOW,-2.7313,42.3737,12.5970,COMPLED,-2.8524,46.3672,12.5997,COMPLED,-2.7337,50.1693,12.6031,COMPLED,-2.6736,53.8556,12.6116,COMPLED,-2.6780,57.7759,12.6223,COMPLED,-6.6521,63.7640,12.6328,COMPLED,-11.4227,71.4813,12.6809,COMPLED,-6.6193,79.1099,12.7964,COMPLED,-11.4899,78.9640,12.8448,COMPLED,0.2377,78.9566,12.9142,FOLLOW,-17.8171,45.4690,12.5975,COMPLED,-17.7051,49.4419,12.5992,COMPLED,-17.8845,53.2985,12.6069,COMPLED,-17.7103,57.0116,12.6163,COMPLED,-11.4882,63.7413,12.6245,COMPLED,-16.3106,63.7946,12.6141,COMPLED,-16.2010,67.6650,12.6538,COMPLED,-16.2434,71.4554,12.6974,COMPLED,-16.1286,75.1410,12.7953,COMPLED,-16.2029,78.8777,12.9630,FOLLOW,-21.8270,41.5737,12.5998,COMPLED,-21.8248,49.4412,12.6021,COMPLED,-26.5769,53.4057,12.6049,COMPLED,-21.8300,57.1213,12.6109,COMPLED,-26.5712,57.1127,12.6182,COMPLED,-28.3510,63.9207,12.6400,COMPLED,-24.8439,67.6827,12.6488,COMPLED,-24.7341,71.4356,12.6890,COMPLED,-24.8182,75.1386,12.8002,COMPLED,-24.6734,78.8346,12.9693,FOLLOW,-26.7061,41.7331,12.6000,COMPLED,-26.4747,49.5209,12.6011,COMPLED,-35.8449,47.7671,12.6047,COMPLED,-35.8386,52.2809,12.6100,COMPLED,-35.8280,57.1116,12.6199,COMPLED,-33.7325,63.8243,12.6415,COMPLED,-37.0049,67.5093,12.6714,COMPLED,-36.9910,71.4354,12.7265,COMPLED,-36.8849,75.0368,12.8285,COMPLED,-36.7460,78.6788,13.0081,FOLLOW,-35.8525,41.6612,12.5978,COMPLED,-38.6574,45.5626,12.6016,COMPLED,-41.2787,49.4187,12.6088,COMPLED,-46.8311,46.3092,12.6096,COMPLED,-46.7785,51.3163,12.6183,COMPLED,-43.9803,53.3497,12.6222,COMPLED,-46.7490,57.0194,12.6498,COMPLED,-55.9331,56.8260,12.6903,COMPLED,-63.0010,53.1746,12.7369,COMPLED,-59.6402,56.8406,12.7741,COMPLED,-46.7632,41.6744,12.6062,COMPLED,-56.1787,41.6195,12.6145,COMPLED,-59.8384,41.6874,12.6245,COMPLED,-63.2312,45.6079,12.6476,COMPLED,-63.1960,49.4062,12.6736,COMPLED
14.000,21.1934,42.5043,12.5990,COMPLED,23.2297,46.2386,12.6025,COMPLED,32.6807,42.4961,12.6037,COMPLED,29.8205,46.4414,12.6062,COMPLED,36.9491,42.3589,12.6104,COMPLED,29.8125,50.0986,12.6145,COMPLED,32.7221,50.0896,12.6218,COMPLED,38.6943,46.2749,12.6313,COMPLED,36.8455,49.9974,12.6436,COMPLED,32.6791,57.4996,12.6697,COMPLED,29.7175,53.9460,12.6351,COMPLED,17.1240,42.4347,12.6000,COMPLED,14.1943,46.1320,12.6006,COMPLED,14.2520,50.1756,12.6035,COMPLED,17.2292,50.1730,12.6052,COMPLED,21.4037,50.1081,12.6085,COMPLED,14.2479,53.8630,12.6115,COMPLED,17.2176,57.6613,12.6214,COMPLED,8.6026,79.2959,12.7574,COMPLED,12.6103,79.2219,12.8068,COMPLED,7.4069,42.4965,12.6000,COMPLED,3.9474,46.3138,12.6009,COMPLED,1.3275,50.0595,12.6020,COMPLED,3.8250,53.8710,12.6043,COMPLED,5.7919,57.6569,12.6097,COMPLED,6.6156,63.9300,12.6142,COMPLED,6.7262,67.6266,12.6370,COMPLED,6.6217,71.4868,12.6707,COMPLED,6.4920,75.4872,12.7327,COMPLED,4.5742,79.2582,12.7922,COMPLED,-2.7308,42.3777,12.5982,COMPLED,-2.8515,46.3738,12.5998,COMPLED,-2.7322,50.1790,12.6019,COMPLED,-2.6721,53.8707,12.6070,COMPLED,-2.6748,57.7988,12.6135,COMPLED,-6.6512,63.8075,12.6198,COMPLED,-11.4296,71.5854,12.6488,COMPLED,-6.6156,79.3573,12.7185,COMPLED,-11.5058,79.2336,12.7477,COMPLED,0.2743,79.2648,12.7896,COMPLED,-17.8183,45.4749,12.5985,COMPLED,-17.7070,49.4506,12.5995,COMPLED,-17.8867,53.3125,12.6042,COMPLED,-17.7141,57.0323,12.6099,COMPLED,-11.4889,63.7819,12.6148,COMPLED,-16.3143,63.8379,12.6085,COMPLED,-16.2085,67.7398,12.6325,COMPLED,-16.2540,71.5697,12.6588,COMPLED,-16.1490,75.3285,12.7179,COMPLED,-16.2295,79.1815,12.8191,COMPLED,-21.8282,41.5777,12.5999,COMPLED,-21.8268,49.4501,12.6013,COMPLED,-26.5821,53.4208,12.6030,COMPLED,-21.8340,57.1421,12.6066,COMPLED,-26.5787,57.1369,12.6110,COMPLED,-28.3665,63.9735,12.6241,COMPLED,-24.8582,67.7585,12.6294,COMPLED,-24.7563,71.5538,12.6537,COMPLED,-24.8546,75.3389,12.7208,COMPLED,-24.7315,79.1594,12.8229,COMPLED,-26.7077,41.7373,12.6000,COMPLED,-26.4768,49.5300,12.6007,COMPLED,-35.8509,47.7777,12.6028,COMPLED,-35.8471,52.2979,12.6060,COMPLED,-35.8407,57.1402,12.6120,COMPLED,-33.7513,63.8796,12.6250,COMPLED,-37.0387,67.6023,12.6431,COMPLED,-37.0421,71.5855,12.6763,COMPLED,-36.9623,75.2735,12.7379,COMPLED,-36.8666,79.0615,12.8463,COMPLED,-35.8555,41.6662,12.5987,COMPLED,-38.6624,45.5710,12.6010,COMPLED,-41.2872,49.4326,12.6053,COMPLED,-46.8425,46.3229,12.6058,COMPLED,-46.7949,51.3391,12.6111,COMPLED,-43.9961,53.3751,12.6134,COMPLED,-46.7772,57.0648,12.6301,COMPLED,-55.9953,56.9005,12.6545,COMPLED,-63.0997,53.2655,12.6826,COMPLED,-59.7432,56.9529,12.7050,COMPLED,-46.7698,41.6821,12.6037,COMPLED,-56.1951,41.6331,12.6088,COMPLED,-59.8628,41.7058,12.6148,COMPLED,-63.2744,45.6420,12.6287,COMPLED,-63.2531,49.4568,12.6444,COMPLED
14.500,21.1960,42.5080,12.5994,COMPLED,23.2338,46.2446,12.6015,COMPLED,32.6884,42.5031,12.6022,COMPLED,29.8283,46.4503,12.6037,COMPLED,36.9614,42.3688,12.6063,COMPLED,29.8234,50.1125,12.6088,COMPLED,32.7371,50.1072,12.6131,COMPLED,38.7164,46.2943,12.6189,COMPLED,36.8711,50.0237,12.6263,COMPLED,32.7111,57.5449,12.6421,COMPLED,29.7383,53.9729,12.6212,COMPLED,17.1264,42.4383,12.6000,COMPLED,14.1966,46.1367,12.6004,COMPLED,14.2552,50.1828,12.6021,COMPLED,17.2335,50.1813,12.6031,COMPLED,21.4102,50.1183,12.6051,COMPLED,14.2527,53.8752,12.6069,COMPLED,17.2265,57.6821,12.6129,COMPLED,8.6294,79.4695,12.6950,COMPLED,12.6538,79.4249,12.7248,COMPLED,7.4082,42.4994,12.6000,COMPLED,3.9484,46.3178,12.6006,COMPLED,1.3285,50.0652,12.6012,COMPLED,3.8270,53.8800,12.6026,COMPLED,5.7951,57.6716,12.6059,COMPLED,6.6213,63.9592,12.6085,COMPLED,6.7356,67.6731,12.6223,COMPLED,6.6369,71.5610,12.6426,COMPLED,6.5150,75.6088,12.6801,COMPLED,4.6003,79.4468,12.7160,COMPLED,-2.7305,42.3801,12.5989,COMPLED,-2.8509,46.3778,12.5999,COMPLED,-2.7313,50.1849,12.6011,COMPLED,-2.6713,53.8799,12.6042,COMPLED,-2.6729,57.8127,12.6081,COMPLED,-6.6508,63.8338,12.6119,COMPLED,-11.4337,71.6482,12.6295,COMPLED,-6.6134,79.5066,12.6715,COMPLED,-11.5154,79.3962,12.6891,COMPLED,0.2964,79.4508,12.7144,COMPLED,-17.8190,45.4784,12.5991,COMPLED,-17.7082,49.4558,12.5997,COMPLED,-17.8880,53.3210,12.6025,COMPLED,-17.7165,57.0448,12.6059,COMPLED,-11.4893,63.8065,12.6089,COMPLED,-16.3166,63.8640,12.6051,COMPLED,-16.2131,67.7850,12.6196,COMPLED,-16.2603,71.6388,12.6355,COMPLED,-16.1613,75.4416,12.6711,COMPLED,-16.2456,79.3648,12.7322,COMPLED,-21.8289,41.5801,12.5999,COMPLED,-21.8281,49.4556,12.6008,COMPLED,-26.5852,53.4299,12.6018,COMPLED,-21.8364,57.1547,12.6040,COMPLED,-26.5832,57.1515,12.6066,COMPLED,-28.3758,64.0053,12.6146,COMPLED,-24.8669,67.8042,12.6178,COMPLED,-24.7696,71.6252,12.6324,COMPLED,-24.8766,75.4598,12.6729,COMPLED,-24.7666,79.3555,12.7345,COMPLED,-26.7086,41.7399,12.6000,COMPLED,-26.4781,49.5355,12.6004,COMPLED,-35.8545,47.7841,12.6017,COMPLED,-35.8522,52.3082,12.6037,COMPLED,-35.8484,57.1575,12.6073,COMPLED,-33.7627,63.9130,12.6151,COMPLED,-37.0590,67.6584,12.6260,COMPLED,-37.0730,71.6760,12.6461,COMPLED,-37.0090,75.4164,12.6832,COMPLED,-36.9393,79.2924,12.7486,COMPLED,-35.8573,41.6692,12.5992,COMPLED,-38.6654,45.5761,12.6006,COMPLED,-41.2922,49.4410,12.6032,COMPLED,-46.8495,46.3312,12.6035,COMPLED,-46.8049,51.3529,12.6067,COMPLED,-44.0056,53.3905,12.6081,COMPLED,-46.7941,57.0921,12.6181,COMPLED,-56.0329,56.9454,12.6329,COMPLED,-63.1593,53.3203,12.6499,COMPLED,-59.8054,57.0207,12.6634,COMPLED,-46.7739,41.6867,12.6022,COMPLED,-56.2050,41.6413,12.6053,COMPLED,-59.8776,41.7169,12.6089,COMPLED,-63.3004,45.6625,12.6173,COMPLED,-63.2876,49.4873,12.6268,COMPLED
15.000,21.1976,42.5075,12.5996,COMPLED,23.2363,46.2455,12.6009,COMPLED,32.6930,42.5046,12.6014,COMPLED,29.8329,46.4529,12.6022,COMPLED,36.9688,42.3720,12.6038,COMPLED,29.8300,50.1182,12.6053,COMPLED,32.7462,50.1149,12.6079,COMPLED,38.7297,46.3032,12.6114,COMPLED,36.8865,50.0368,12.6159,COMPLED,32.7305,57.5694,12.6254,COMPLED,29.7509,53.9863,12.6128,COMPLED,17.1278,42.4377,12.6000,COMPLED,14.1979,46.1367,12.6002,COMPLED,14.2571,50.1844,12.6013,COMPLED,17.2361,50.1835,12.6019,COMPLED,21.4141,50.1217,12.6031,COMPLED,14.2556,53.8798,12.6042,COMPLED,17.2318,57.6919,12.6078,COMPLED,8.6455,79.5716,12.6573,COMPLED,12.6801,79.5447,12.6753,COMPLED,7.4089,42.4984,12.6000,COMPLED,3.9490,46.3174,12.6003,COMPLED,1.3291,50.0658,12.6007,COMPLED,3.8282,53.8827,12.6016,COMPLED,5.7971,57.6776,12.6035,COMPLED,6.6248,63.9741,12.6052,COMPLED,6.7413,67.6984,12.6135,COMPLED,6.6461,71.6030,12.6257,COMPLED,6.5289,75.6794,12.6483,COMPLED,4.6161,79.5579,12.6700,COMPLED,-2.7303,42.3788,12.5994,COMPLED,-2.8505,46.3774,12.5999,COMPLED,-2.7308,50.1856,12.6007,COMPLED,-2.6708,53.8826,12.6026,COMPLED,-2.6718,57.8183,12.6049,COMPLED,-6.6505,63.8469,12.6072,COMPLED,-11.4362,71.6834,12.6178,COMPLED,-6.6120,79.5940,12.6431,COMPLED,-11.5212,79.4917,12.6538,COMPLED,0.3097,79.5603,12.6690,COMPLED,-17.8194,45.4778,12.5994,COMPLED,-17.7089,49.4562,12.5998,COMPLED,-17.8888,53.3233,12.6015,COMPLED,-17.7179,57.0496,12.6036,COMPLED,-11.4896,63.8185,12.6054,COMPLED,-16.3179,63.8770,12.6031,COMPLED,-16.2158,67.8095,12.6118,COMPLED,-16.2642,71.6777,12.6214,COMPLED,-16.1687,75.5071,12.6429,COMPLED,-16.2553,79.4727,12.6797,COMPLED,-21.8294,41.5788,12.6000,COMPLED,-21.8289,49.4561,12.6005,COMPLED,-26.5871,53.4327,12.6011,COMPLED,-21.8378,57.1595,12.6024,COMPLED,-26.5859,57.1576,12.6040,COMPLED,-28.3814,64.0218,12.6088,COMPLED,-24.8721,67.8290,12.6107,COMPLED,-24.7777,71.6655,12.6195,COMPLED,-24.8898,75.5300,12.6440,COMPLED,-24.7878,79.4711,12.6811,COMPLED,-26.7092,41.7387,12.6000,COMPLED,-26.4788,49.5360,12.6002,COMPLED,-35.8567,47.7852,12.6010,COMPLED,-35.8553,52.3116,12.6022,COMPLED,-35.8530,57.1652,12.6044,COMPLED,-33.7696,63.9304,12.6091,COMPLED,-37.0713,67.6895,12.6157,COMPLED,-37.0917,71.7279,12.6278,COMPLED,-37.0372,75.4999,12.6502,COMPLED,-36.9832,79.4290,12.6897,COMPLED,-35.8584,41.6683,12.5995,COMPLED,-38.6672,45.5764,12.6004,COMPLED,-41.2953,49.4433,12.6019,COMPLED,-46.8536,46.3334,12.6021,COMPLED,-46.8109,51.3584,12.6040,COMPLED,-44.0113,53.3970,12.6049,COMPLED,-46.8044,57.1059,12.6109,COMPLED,-56.0555,56.9698,12.6198,COMPLED,-63.1953,53.3507,12.6301,COMPLED,-59.8429,57.0588,12.6382,COMPLED,-46.7763,41.6867,12.6014,COMPLED,-56.2109,41.6435,12.6032,COMPLED,-59.8865,41.7208,12.6054,COMPLED,-63.3161,45.6722,12.6105,COMPLED,-63.3084,49.5030,12.6162,COMPLED
15.500,21.1986,42.5100,12.5998,COMPLED,23.2377,46.2488,12.6006,COMPLED,32.6958,42.5082,12.6008,COMPLED,29.8357,46.4572,12.6014,COMPLED,36.9732,42.3767,12.6023,COMPLED,29.8340,50.1244,12.6032,COMPLED,32.7517,50.1224,12.6048,COMPLED,38.7378,46.3114,12.6069,COMPLED,36.8958,50.0475,12.6096,COMPLED,32.7422,57.5870,12.6153,COMPLED,29.7585,53.9972,12.6077,COMPLED,17.1287,42.4401,12.6000,COMPLED,14.1988,46.1395,12.6001,COMPLED,14.2582,50.1881,12.6008,COMPLED,17.2376,50.1876,12.6011,COMPLED,21.4164,50.1265,12.6019,COMPLED,14.2573,53.8854,12.6025,COMPLED,17.2351,57.7006,12.6047,COMPLED,8.6552,79.6359,12.6346,COMPLED,12.6959,79.6197,12.6454,COMPLED,7.4093,42.5005,12.6000,COMPLED,3.9494,46.3199,12.6002,COMPLED,1.3295,50.0690,12.6004,COMPLED,3.8289,53.8871,12.6009,COMPLED,5.7982,57.6840,12.6021,COMPLED,6.6268,63.9859,12.6031,COMPLED,6.7448,67.7164,12.6081,COMPLED,6.6516,71.6311,12.6155,COMPLED,6.5373,75.7248,12.6292,COMPLED,4.6256,79.6276,12.6422,COMPLED,-2.7302,42.3808,12.5996,COMPLED,-2.8503,46.3799,12.6000,COMPLED,-2.7305,50.1889,12.6004,COMPLED,-2.6705,53.8871,12.6015,COMPLED,-2.6711,57.8244,12.6030,COMPLED,-6.6503,63.8576,12.6043,COMPLED,-11.4377,71.7073,12.6107,COMPLED,-6.6112,79.6494,12.6260,COMPLED,-11.5247,79.5520,12.6325,COMPLED,0.3178,79.6291,12.6417,COMPLED,-17.8196,45.4802,12.5997,COMPLED,-17.7093,49.4592,12.5999,COMPLED,-17.8893,53.3275,12.6009,COMPLED,-17.7187,57.0552,12.6022,COMPLED,-11.4898,63.8285,12.6033,COMPLED,-16.3188,63.8877,12.6019,COMPLED,-16.2175,67.8271,12.6071,COMPLED,-16.2665,71.7039,12.6129,COMPLED,-16.1732,75.5494,12.6259,COMPLED,-16.2611,79.5406,12.6481,COMPLED,-21.8296,41.5808,12.6000,COMPLED,-21.8293,49.4591,12.6003,COMPLED,-26.5883,53.4371,12.6007,COMPLED,-21.8387,57.1652,12.6014,COMPLED,-26.5875,57.1640,12.6024,COMPLED,-28.3848,64.0345,12.6053,COMPLED,-24.8752,67.8468,12.6065,COMPLED,-24.7826,71.6926,12.6118,COMPLED,-24.8978,75.5752,12.6265,COMPLED,-24.8006,79.5435,12.6490,COMPLED,-26.7095,41.7407,12.6000,COMPLED,-26.4793,49.5391,12.6002,COMPLED,-35.8580,47.7886,12.6006,COMPLED,-35.8572,52.3164,12.6013,COMPLED,-35.8558,57.1726,12.6026,COMPLED,-33.7737,63.9436,12.6055,COMPLED,-37.0787,67.7110,12.6095,COMPLED,-37.1029,71.7620,12.6168,COMPLED,-37.0542,75.5530,12.6303,COMPLED,-37.0097,79.5142,12.6541,COMPLED,-35.8590,41.6705,12.5997,COMPLED,-38.6683,45.5793,12.6002,COMPLED,-41.2972,49.4475,12.6012,COMPLED,-46.8562,46.3375,12.6013,COMPLED,-46.8145,51.3645,12.6024,COMPLED,-44.0148,53.4036,12.6029,COMPLED,-46.8106,57.1170,12.6066,COMPLED,-56.0692,56.9872,12.6120,COMPLED,-63.2170,53.3718,12.6182,COMPLED,-59.8656,57.0846,12.6231,COMPLED,-46.7778,41.6895,12.6008,COMPLED,-56.2145,41.6476,12.6019,COMPLED,-59.8918,41.7260,12.6032,COMPLED,-63.3256,45.6807,12.6063,COMPLED,-63.3209,49.5152,12.6098,COMPLED
16.000,19.7618,41.6966,11.8345,FOLLOW,21.7529,45.8345,11.6531,FOLLOW,31.1748,41.7005,12.0158,FOLLOW,28.5481,46.6097,11.3601,FOLLOW,35.4431,41.5843,12.0235,FOLLOW,28.4964,50.5857,11.5111,FOLLOW,31.5118,50.3165,11.3227,FOLLOW,37.2914,46.4474,11.5535,FOLLOW,35.6134,50.2287,11.3679,FOLLOW,31.6055,58.1473,11.3553,FOLLOW,28.6333,54.8093,11.4935,FOLLOW,15.7113,41.7627,11.6882,FOLLOW,12.8898,45.6544,11.4457,FOLLOW,13.1916,50.3685,11.1687,FOLLOW,16.1479,49.9318,11.1843,FOLLOW,20.5474,50.3343,11.0460,FOLLOW,13.4116,53.7852,11.0143,FOLLOW,16.8420,57.9396,10.8699,FOLLOW,7.7842,79.0215,11.1689,FOLLOW,11.5536,80.2291,11.3950,FOLLOW,6.2039,41.5065,11.6577,FOLLOW,3.2512,45.3266,11.2382,FOLLOW,0.8409,49.7752,10.8858,FOLLOW,3.0458,53.8520,10.9801,FOLLOW,5.3750,57.4032,10.8682,FOLLOW,6.7484,63.2824,10.9326,FOLLOW,6.0754,66.7970,11.1863,FOLLOW,6.7606,70.6376,11.0914,FOLLOW,5.5947,75.1156,11.2045,FOLLOW,4.1314,79.8032,10.9109,FOLLOW,-3.3984,41.0176,11.5707,FOLLOW,-3.4442,45.2128,11.3232,FOLLOW,-3.3823,49.1794,11.2270,FOLLOW,-3.4685,53.6434,11.0000,FOLLOW,-2.6127,57.9773,10.8139,FOLLOW,-6.0585,63.7713,10.9037,FOLLOW,-11.1184,72.0652,10.8807,FOLLOW,-6.9241,80.4170,11.0317,FOLLOW,-11.1953,79.7182,10.8635,FOLLOW,-0.3810,78.6505,11.2800,FOLLOW,-17.6284,43.9372,11.6187,FOLLOW,-17.6919,48.4305,11.0921,FOLLOW,-17.7783,52.6262,10.9282,FOLLOW,-17.0395,56.0658,11.2284,FOLLOW,-11.1698,63.0033,11.0132,FOLLOW,-16.7163,63.0646,11.0288,FOLLOW,-16.6491,67.2238,10.9509,FOLLOW,-15.4797,70.7877,11.2513,FOLLOW,-16.7616,75.6273,10.9199,FOLLOW,-16.2838,80.3456,11.0329,FOLLOW,-21.3952,40.3490,11.3172,FOLLOW,-21.4329,48.1053,11.4291,FOLLOW,-26.6051,52.7209,10.9303,FOLLOW,-21.5332,56.4674,10.9519,FOLLOW,-26.8686,56.4720,10.9459,FOLLOW,-28.3139,63.2711,10.9565,FOLLOW,-25.1860,67.0750,10.9898,FOLLOW,-24.5849,71.5150,10.8252,FOLLOW,-25.1636,75.6441,10.8406,FOLLOW,-24.0350,79.7618,11.0251,FOLLOW,-26.3948,40.7391,11.1073,FOLLOW,-26.3489,48.2649,11.2910,FOLLOW,-35.0341,46.9243,11.2257,FOLLOW,-35.8671,52.2712,10.8010,FOLLOW,-35.2761,56.9740,10.9052,FOLLOW,-33.4615,63.8641,10.8319,FOLLOW,-36.9418,66.7263,11.0825,FOLLOW,-36.9652,70.7731,11.0940,FOLLOW,-36.1652,76.1578,11.1927,FOLLOW,-36.3255,80.2450,11.1524,FOLLOW,-34.9459,40.5512,11.4800,FOLLOW,-38.0258,44.6491,11.1704,FOLLOW,-40.4246,48.5555,11.2742,FOLLOW,-45.7498,45.2929,11.5937,FOLLOW,-45.6575,51.0021,11.2615,FOLLOW,-43.0581,53.6697,11.1102,FOLLOW,-46.3468,57.8912,11.0698,FOLLOW,-55.1469,57.6825,11.2526,FOLLOW,-61.8770,53.8292,11.5296,FOLLOW,-58.9990,57.7889,11.2293,FOLLOW,-45.5564,40.6402,11.7406,FOLLOW,-54.7710,40.8700,11.8169,FOLLOW,-58.4519,40.8428,11.9264,FOLLOW,-61.9350,45.8810,11.4930,FOLLOW,-61.9442,49.8132,11.5050,FOLLOW
16.500,15.7653,39.4736,9.7063,FOLLOW,17.6236,44.7244,9.0201,FOLLOW,26.9430,39.4893,10.3900,FOLLOW,24.9697,47.0793,7.9151,FOLLOW,31.1840,39.4141,10.4165,FOLLOW,24.7803,51.9061,8.4834,FOLLOW,28.0631,50.8985,7.7676,FOLLOW,33.2652,46.8624,8.6341,FOLLOW,32.0417,50.7699,7.9286,FOLLOW,28.4383,59.7312,7.8729,FOLLOW,25.5043,57.0957,8.4106,FOLLOW,11.7688,39.9209,9.1525,FOLLOW,9.2490,44.3520,8.2357,FOLLOW,10.2502,50.9157,7.2218,FOLLOW,13.1313,49.2740,7.2657,FOLLOW,18.2329,50.9329,6.9086,FOLLOW,11.1874,53.5655,6.8435,FOLLOW,15.8746,58.5587,6.6193,FOLLOW,5.3782,77.3089,7.1677,FOLLOW,8.3661,81.8783,7.9638,FOLLOW,2.8491,38.7834,9.0357,FOLLOW,1.3060,42.6119,7.4451,FOLLOW,-0.3693,49.0875,6.6401,FOLLOW,1.0167,53.8044,6.7824,FOLLOW,4.3358,56.7498,6.6174,FOLLOW,7.0539,61.5329,6.7031,FOLLOW,4.2177,64.2842,7.2559,FOLLOW,7.0481,67.9758,6.9900,FOLLOW,2.9740,73.4279,7.2823,FOLLOW,2.8978,80.2044,6.6559,FOLLOW,-5.2596,37.2658,8.7045,FOLLOW,-5.0990,42.0109,7.7662,FOLLOW,-5.1971,46.4200,7.4040,FOLLOW,-5.5537,53.0513,6.8169,FOLLOW,-2.4746,58.3737,6.5564,FOLLOW,-4.5818,63.5886,6.6627,FOLLOW,-10.3307,72.9625,6.6305,FOLLOW,-7.7474,82.4198,6.8612,FOLLOW,-10.3937,80.0968,6.6017,FOLLOW,-2.3374,75.8944,7.5212,FOLLOW,-17.0952,39.6824,8.8856,FOLLOW,-17.6440,45.6940,7.0081,FOLLOW,-17.4971,50.8936,6.6978,FOLLOW,-15.1476,53.3595,7.4061,FOLLOW,-10.3290,60.8736,6.8381,FOLLOW,-17.7669,60.9260,6.8692,FOLLOW,-17.7489,65.7109,6.7292,FOLLOW,-13.2860,68.2586,7.4702,FOLLOW,-18.2273,75.8193,6.6750,FOLLOW,-16.3362,82.4215,6.8459,FOLLOW,-20.1845,36.9672,7.7426,FOLLOW,-20.3276,44.3798,8.1659,FOLLOW,-26.6464,50.9486,6.7010,FOLLOW,-20.7508,54.7234,6.7337,FOLLOW,-27.5835,54.7469,6.7238,FOLLOW,-28.1283,61.3493,6.7385,FOLLOW,-25.9902,65.0978,6.7932,FOLLOW,-24.1076,71.1014,6.5655,FOLLOW,-25.7921,75.8013,6.5778,FOLLOW,-22.0242,80.2964,6.8289,FOLLOW,-25.5381,38.0650,7.0456,FOLLOW,-25.9847,44.7636,7.6424,FOLLOW,-32.7400,44.5702,7.4002,FOLLOW,-35.8887,52.1976,6.5432,FOLLOW,-33.8242,56.5142,6.6653,FOLLOW,-32.7070,63.6989,6.5743,FOLLOW,-36.5639,64.1004,6.9759,FOLLOW,-36.5797,68.1149,6.9948,FOLLOW,-33.6936,77.8146,7.2538,FOLLOW,-34.4304,82.1856,7.1064,FOLLOW,-32.4025,37.4812,8.3619,FOLLOW,-36.2486,42.1298,7.2189,FOLLOW,-37.9927,46.1207,7.5804,FOLLOW,-42.6672,42.4271,8.7902,FOLLOW,-42.4361,50.0408,7.5352,FOLLOW,-40.4546,54.4380,7.0568,FOLLOW,-45.0972,60.0040,6.9588,FOLLOW,-52.5734,59.6423,7.4942,FOLLOW,-58.1321,55.1204,8.5239,FOLLOW,-56.5709,59.7625,7.3874,FOLLOW,-42.1561,37.7609,9.3479,FOLLOW,-50.7524,38.7451,9.6355,FOLLOW,-54.4412,38.4208,10.0469,FOLLOW,-58.0628,46.4751,8.4074,FOLLOW,-58.1077,50.6737,8.4466,FOLLOW
17.000,11.6011,37.1848,7.4888,FOLLOW,13.3241,43.6039,6.2784,FOLLOW,22.5361,37.2072,8.6970,FOLLOW,21.6677,47.5449,4.7362,FOLLOW,26.7488,37.1747,8.7429,FOLLOW,20.9635,53.3028,5.3737,FOLLOW,25.0070,51.4429,4.6171,FOLLOW,29.0844,47.3335,5.6025,FOLLOW,28.7376,51.3031,4.7469,FOLLOW,25.5528,61.2054,4.7002,FOLLOW,22.3204,59.4624,5.2735,FOLLOW,7.6606,38.0354,6.5103,FOLLOW,5.6360,43.0981,5.0502,FOLLOW,8.0510,51.3392,4.2709,FOLLOW,10.8459,48.7912,4.2969,FOLLOW,16.6537,51.3494,4.0857,FOLLOW,9.6963,53.4253,4.0472,FOLLOW,15.2590,58.9565,3.9146,FOLLOW,3.6171,76.0681,4.2390,FOLLOW,5.4033,83.4441,4.7743,FOLLOW,-0.6509,35.9780,6.3003,FOLLOW,-0.2540,40.4546,4.4030,FOLLOW,-1.1426,48.6522,3.9269,FOLLOW,-0.3230,53.7790,4.0111,FOLLOW,3.6748,56.3381,3.9135,FOLLOW,7.2517,60.4049,3.9642,FOLLOW,2.8163,62.4038,4.2911,FOLLOW,7.2483,66.1316,4.1339,FOLLOW,0.9857,72.1630,4.3067,FOLLOW,2.1093,80.4650,3.9363,FOLLOW,-7.2048,33.3846,5.7088,FOLLOW,-6.5653,39.2024,4.6142,FOLLOW,-6.6333,44.2553,4.3787,FOLLOW,-6.9423,52.6635,4.0315,FOLLOW,-2.3877,58.6264,3.8774,FOLLOW,-3.6339,63.4757,3.9403,FOLLOW,-9.8286,73.5385,3.9213,FOLLOW,-8.3009,83.7733,4.0577,FOLLOW,-9.8863,80.3401,3.9042,FOLLOW,-3.9369,73.6625,4.4480,FOLLOW,-16.5378,35.2717,6.0281,FOLLOW,-17.6105,43.7851,4.1446,FOLLOW,-17.3152,49.7776,3.9611,FOLLOW,-13.6498,51.2359,4.3799,FOLLOW,-9.7663,59.4552,4.0440,FOLLOW,-18.4759,59.4902,4.0624,FOLLOW,-18.4652,64.7308,3.9796,FOLLOW,-11.5151,66.2375,4.4179,FOLLOW,-19.1690,75.9472,3.9476,FOLLOW,-16.3712,83.8152,4.0486,FOLLOW,-19.1188,34.0188,4.5965,FOLLOW,-19.2450,40.7679,4.9694,FOLLOW,-26.6732,49.8060,3.9630,FOLLOW,-20.2405,53.5911,3.9823,FOLLOW,-28.0487,53.6295,3.9764,FOLLOW,-28.0072,60.1002,3.9851,FOLLOW,-26.5221,63.7962,4.0174,FOLLOW,-23.8070,70.8444,3.8828,FOLLOW,-26.1884,75.9039,3.8901,FOLLOW,-20.6872,80.6584,4.0386,FOLLOW,-24.9308,36.1802,4.1668,FOLLOW,-25.6737,41.7984,4.5261,FOLLOW,-30.9266,42.7282,4.3765,FOLLOW,-35.9023,52.1546,3.8696,FOLLOW,-32.8917,56.2233,3.9418,FOLLOW,-32.2310,63.5981,3.8880,FOLLOW,-36.3016,62.2870,4.1255,FOLLOW,-36.3109,66.2710,4.1367,FOLLOW,-31.8337,79.0762,4.2898,FOLLOW,-33.0704,83.5898,4.2027,FOLLOW,-29.8215,34.4059,5.1975,FOLLOW,-34.9220,40.2635,4.2692,FOLLOW,-35.9551,44.1044,4.4855,FOLLOW,-39.4497,39.4746,5.8640,FOLLOW,-39.7752,49.2694,4.4572,FOLLOW,-38.6025,54.9954,4.1734,FOLLOW,-44.2329,61.4743,4.1154,FOLLOW,-50.4766,61.2604,4.4320,FOLLOW,-54.2736,56.4914,5.4270,FOLLOW,-54.6631,61.3314,4.3689,FOLLOW,-38.6096,34.7894,6.8523,FOLLOW,-46.5652,36.5595,7.3626,FOLLOW,-50.2628,35.9216,8.0888,FOLLOW,-54.1188,47.1205,5.2647,FOLLOW,-54.1826,51.5944,5.3176,FOLLOW
17.500,7.5874,35.0079,5.3514,FOLLOW,9.5274,42.6447,3.8574,FOLLOW,18.2920,35.0284,7.0665,FOLLOW,19.7169,47.8214,2.8581,FOLLOW,22.4778,35.0368,7.1314,FOLLOW,18.3482,54.2701,3.2428,FOLLOW,23.2309,51.7599,2.7863,FOLLOW,26.0206,47.6939,3.3809,FOLLOW,26.7829,51.6200,2.8646,FOLLOW,23.8577,62.0726,2.8364,FOLLOW,20.1980,61.0485,3.1824,FOLLOW,3.8686,36.3288,4.0715,FOLLOW,3.3647,42.3146,3.0476,FOLLOW,6.7889,51.5823,2.5774,FOLLOW,9.5342,48.5140,2.5930,FOLLOW,15.7474,51.5885,2.4656,FOLLOW,8.8405,53.3448,2.4423,FOLLOW,14.9057,59.1848,2.3623,FOLLOW,2.6063,75.3560,2.5581,FOLLOW,3.6446,84.3752,2.8812,FOLLOW,-3.7553,33.5202,3.8739,FOLLOW,-1.1494,39.2165,2.6570,FOLLOW,-1.5865,48.4024,2.3697,FOLLOW,-1.0918,53.7644,2.4205,FOLLOW,3.2954,56.1018,2.3616,FOLLOW,7.3653,59.7575,2.3922,FOLLOW,2.0120,61.3246,2.5895,FOLLOW,7.3632,65.0731,2.4946,FOLLOW,-0.1554,71.4370,2.5989,FOLLOW,1.6567,80.6146,2.3754,FOLLOW,-8.6748,30.4691,3.4451,FOLLOW,-7.4165,37.5726,2.7845,FOLLOW,-7.4575,43.0129,2.6424,FOLLOW,-7.7392,52.4409,2.4328,FOLLOW,-2.3378,58.7715,2.3399,FOLLOW,-3.0899,63.4109,2.3778,FOLLOW,-9.5405,73.8691,2.3663,FOLLOW,-8.6185,84.5501,2.4487,FOLLOW,-9.5951,80.4797,2.3561,FOLLOW,-4.8549,72.3816,2.6842,FOLLOW,-16.0751,31.6354,3.6561,FOLLOW,-17.5912,42.6895,2.5011,FOLLOW,-17.2108,49.1370,2.3904,FOLLOW,-12.7902,50.0171,2.6431,FOLLOW,-9.4434,58.6411,2.4404,FOLLOW,-18.8827,58.6662,2.4515,FOLLOW,-18.8763,64.1683,2.4015,FOLLOW,-10.4987,65.0775,2.6660,FOLLOW,-19.7094,76.0206,2.3822,FOLLOW,-16.3913,84.6150,2.4432,FOLLOW,-18.5015,32.3111,2.7738,FOLLOW,-18.5776,38.5451,2.9988,FOLLOW,-26.6886,49.1502,2.3915,FOLLOW,-19.9477,52.9412,2.4032,FOLLOW,-28.3156,52.9882,2.3996,FOLLOW,-27.9377,59.3833,2.4049,FOLLOW,-26.8274,63.0491,2.4244,FOLLOW,-23.6345,70.6968,2.3431,FOLLOW,-26.4158,75.9627,2.3475,FOLLOW,-19.9198,80.8661,2.4372,FOLLOW,-24.5823,35.0985,2.5145,FOLLOW,-25.4946,40.0909,2.7313,FOLLOW,-29.8858,41.6711,2.6410,FOLLOW,-35.9101,52.1299,2.3352,FOLLOW,-32.3565,56.0563,2.3788,FOLLOW,-31.9577,63.5403,2.3463,FOLLOW,-36.1510,61.2462,2.4896,FOLLOW,-36.1567,65.2128,2.4963,FOLLOW,-30.7664,79.8003,2.5888,FOLLOW,-32.2898,84.3958,2.5362,FOLLOW,-28.1403,32.4099,3.1365,FOLLOW,-34.1606,39.1923,2.5763,FOLLOW,-34.7841,42.9456,2.7068,FOLLOW,-36.8975,37.1539,3.5428,FOLLOW,-38.2473,48.8264,2.6898,FOLLOW,-37.5396,55.3154,2.5185,FOLLOW,-43.7368,62.3181,2.4835,FOLLOW,-49.2733,62.1890,2.6746,FOLLOW,-51.5923,57.4553,3.2750,FOLLOW,-53.5682,62.2319,2.6365,FOLLOW,-35.2022,31.9700,4.4546,FOLLOW,-42.5294,34.4832,5.1718,FOLLOW,-46.2364,33.5371,6.2019,FOLLOW,-51.4990,47.5573,3.1771,FOLLOW,-51.5374,52.2240,3.2090,FOLLOW
18.000,3.7823,32.9762,3.3252,FOLLOW,7.1286,42.0410,2.3278,FOLLOW,14.0399,32.8686,5.4329,FOLLOW,18.5396,47.9883,1.7248,FOLLOW,18.1989,32.9176,5.5168,FOLLOW,16.7699,54.8539,1.9569,FOLLOW,22.1591,51.9512,1.6814,FOLLOW,24.1718,47.9113,2.0402,FOLLOW,25.6033,51.8112,1.7287,FOLLOW,22.8348,62.5959,1.7117,FOLLOW,18.9172,62.0056,1.9205,FOLLOW,1.3583,35.2040,2.4570,FOLLOW,1.9940,41.8418,1.8391,FOLLOW,6.0272,51.7290,1.5553,FOLLOW,8.7427,48.3468,1.5648,FOLLOW,15.2004,51.7327,1.4879,FOLLOW,8.3240,53.2962,1.4739,FOLLOW,14.6925,59.3226,1.4256,FOLLOW,1.9963,74.9262,1.5437,FOLLOW,2.5832,84.9371,1.7387,FOLLOW,-5.7208,31.9666,2.3378,FOLLOW,-1.6897,38.4693,1.6034,FOLLOW,-1.8543,48.2517,1.4301,FOLLOW,-1.5558,53.7556,1.4607,FOLLOW,3.0665,55.9592,1.4252,FOLLOW,7.4338,59.3668,1.4436,FOLLOW,1.5267,60.6733,1.5627,FOLLOW,7.4325,64.4343,1.5054,FOLLOW,-0.8440,70.9989,1.5684,FOLLOW,1.3837,80.7049,1.4335,FOLLOW,-9.5619,28.7097,2.0790,FOLLOW,-7.9302,36.5890,1.6803,FOLLOW,-7.9550,42.2632,1.5946,FOLLOW,-8.2201,52.3066,1.4681,FOLLOW,-2.3077,58.8590,1.4120,FOLLOW,-2.7616,63.3718,1.4349,FOLLOW,-9.3666,74.0686,1.4280,FOLLOW,-8.8102,85.0188,1.4777,FOLLOW,-9.4194,80.5640,1.4218,FOLLOW,-5.4089,71.6086,1.6198,FOLLOW,-15.7923,29.4135,2.2063,FOLLOW,-17.5796,42.0284,1.5093,FOLLOW,-17.1478,48.7505,1.4425,FOLLOW,-12.2714,49.2816,1.5950,FOLLOW,-9.2485,58.1499,1.4727,FOLLOW,-19.1283,58.1690,1.4794,FOLLOW,-19.1244,63.8288,1.4492,FOLLOW,-9.8854,64.3775,1.6088,FOLLOW,-20.0356,76.0648,1.4376,FOLLOW,-16.4035,85.0977,1.4744,FOLLOW,-18.1289,31.2806,1.6739,FOLLOW,-18.1749,37.2037,1.8097,FOLLOW,-26.6978,48.7545,1.4432,FOLLOW,-19.7709,52.5491,1.4502,FOLLOW,-28.4768,52.6012,1.4481,FOLLOW,-27.8958,58.9506,1.4513,FOLLOW,-27.0116,62.5983,1.4630,FOLLOW,-23.5304,70.6077,1.4140,FOLLOW,-26.5531,75.9982,1.4167,FOLLOW,-19.4567,80.9915,1.4707,FOLLOW,-24.3720,34.4457,1.5174,FOLLOW,-25.3865,39.0604,1.6483,FOLLOW,-29.2577,41.0331,1.5938,FOLLOW,-35.9148,52.1149,1.4092,FOLLOW,-32.0335,55.9556,1.4355,FOLLOW,-31.7929,63.5054,1.4159,FOLLOW,-36.0602,60.6181,1.5024,FOLLOW,-36.0636,64.5741,1.5065,FOLLOW,-30.1222,80.2372,1.5622,FOLLOW,-31.8188,84.8821,1.5305,FOLLOW,-27.1258,31.2054,1.8928,FOLLOW,-33.7012,38.5459,1.5547,FOLLOW,-34.0774,42.2464,1.6335,FOLLOW,-35.3528,35.7495,2.1380,FOLLOW,-37.3252,48.5591,1.6232,FOLLOW,-36.8981,55.5084,1.5198,FOLLOW,-43.4375,62.8273,1.4987,FOLLOW,-48.5471,62.7494,1.6140,FOLLOW,-49.9743,58.0370,1.9763,FOLLOW,-52.9075,62.7753,1.5910,FOLLOW,-32.6921,29.9049,2.6882,FOLLOW,-38.8442,32.6164,3.1713,FOLLOW,-42.1988,31.1767,4.3099,FOLLOW,-49.9180,47.8210,1.9173,FOLLOW,-49.9412,52.6040,1.9365,FOLLOW
18.500,1.3062,31.6581,2.0066,FOLLOW,5.6810,41.6767,1.4048,FOLLOW,9.7773,30.7338,3.7954,FOLLOW,17.8292,48.0890,1.0408,FOLLOW,13.9100,30.8229,3.8985,FOLLOW,15.8175,55.2062,1.1809,FOLLOW,21.5124,52.0666,1.0147,FOLLOW,23.0560,48.0425,1.2312,FOLLOW,24.8914,51.9266,1.0432,FOLLOW,22.2175,62.9117,1.0329,FOLLOW,18.1443,62.5832,1.1589,FOLLOW,-0.1566,34.5252,1.4827,FOLLOW,1.1669,41.5565,1.1099,FOLLOW,5.5676,51.8175,0.9386,FOLLOW,8.2650,48.2458,0.9443,FOLLOW,14.8704,51.8198,0.8979,FOLLOW,8.0124,53.2668,0.8894,FOLLOW,14.5639,59.4057,0.8603,COMPLED,1.6282,74.6669,0.9316,FOLLOW,1.9428,85.2762,1.0492,FOLLOW,-6.9069,31.0291,1.4108,FOLLOW,-2.0157,38.0184,0.9676,FOLLOW,-2.0159,48.1607,0.8630,COMPLED,-1.8358,53.7503,0.8815,COMPLED,2.9283,55.8732,0.8600,COMPLED,7.4751,59.1310,0.8712,COMPLED,1.2338,60.2803,0.9430,FOLLOW,7.4744,64.0489,0.9085,COMPLED,-1.2595,70.7346,0.9465,FOLLOW,1.2189,80.7593,0.8650,COMPLED,-10.0973,27.6480,1.2546,FOLLOW,-8.2402,35.9955,1.0140,FOLLOW,-8.2551,41.8108,0.9623,FOLLOW,-8.5103,52.2256,0.8860,COMPLED,-2.2896,58.9119,0.8521,COMPLED,-2.5634,63.3482,0.8659,COMPLED,-9.2616,74.1890,0.8617,COMPLED,-8.9259,85.3017,0.8917,FOLLOW,-9.3133,80.6148,0.8580,COMPLED,-5.7432,71.1421,0.9775,FOLLOW,-15.6217,28.0727,1.3314,FOLLOW,-17.5726,41.6294,0.9108,COMPLED,-17.1098,48.5172,0.8705,COMPLED,-11.9584,48.8377,0.9625,FOLLOW,-9.1309,57.8534,0.8887,COMPLED,-19.2765,57.8689,0.8928,COMPLED,-19.2741,63.6240,0.8746,COMPLED,-9.5152,63.9551,0.9709,FOLLOW,-20.2324,76.0916,0.8675,COMPLED,-16.4108,85.3890,0.8897,FOLLOW,-17.9041,30.6587,1.0101,FOLLOW,-17.9318,36.3942,1.0921,FOLLOW,-26.7034,48.5157,0.8709,COMPLED,-19.6643,52.3124,0.8752,COMPLED,-28.5740,52.3677,0.8739,COMPLED,-27.8705,58.6896,0.8758,COMPLED,-27.1228,62.3263,0.8829,COMPLED,-23.4676,70.5540,0.8533,COMPLED,-26.6359,76.0196,0.8549,COMPLED,-19.1772,81.0671,0.8875,FOLLOW,-24.2451,34.0518,0.9157,FOLLOW,-25.3212,38.4386,0.9947,FOLLOW,-28.8787,40.6481,0.9618,FOLLOW,-35.9176,52.1059,0.8504,COMPLED,-31.8386,55.8948,0.8663,COMPLED,-31.6934,63.4843,0.8544,COMPLED,-36.0054,60.2391,0.9066,COMPLED,-36.0074,64.1887,0.9091,COMPLED,-29.7335,80.5009,0.9428,FOLLOW,-31.5345,85.1756,0.9236,FOLLOW,-26.5136,30.4785,1.1422,FOLLOW,-33.4239,38.1559,0.9382,FOLLOW,-33.6509,41.8244,0.9857,FOLLOW,-34.4206,34.9020,1.2902,FOLLOW,-36.7688,48.3977,0.9795,FOLLOW,-36.5110,55.6249,0.9172,FOLLOW,-43.2568,63.1346,0.9044,FOLLOW,-48.1089,63.0876,0.9740,FOLLOW,-48.9979,58.3880,1.1927,FOLLOW,-52.5088,63.1032,0.9601,FOLLOW,-31.1773,28.6587,1.6222,FOLLOW,-36.5275,31.4450,1.9138,FOLLOW,-38.6074,29.1040,2.6268,FOLLOW,-48.9639,47.9801,1.1570,FOLLOW,-48.9779,52.8333,1.1686,FOLLOW
19.000,-0.1889,30.8596,1.2104,FOLLOW,4.8069,41.4541,0.8474,FOLLOW,5.9360,28.8354,2.3196,FOLLOW,17.4002,48.1472,0.6279,COMPLED,9.9392,28.9112,2.4002,FOLLOW,15.2424,55.4163,0.7124,FOLLOW,21.1218,52.1337,0.6121,COMPLED,22.3823,48.1192,0.7427,FOLLOW,24.4615,51.9937,0.6293,COMPLED,21.8447,63.0998,0.6231,COMPLED,17.6776,62.9294,0.6991,FOLLOW,-1.0713,34.1128,0.8944,FOLLOW,0.6674,41.3816,0.6695,FOLLOW,5.2900,51.8684,0.5662,COMPLED,7.9766,48.1823,0.5696,COMPLED,14.6711,51.8698,0.5416,COMPLED,7.8242,53.2466,0.5365,COMPLED,14.4862,59.4533,0.5189,COMPLED,1.4060,74.5077,0.5619,COMPLED,1.5560,85.4784,0.6329,FOLLOW,-7.6231,30.4604,0.8510,FOLLOW,-2.2126,37.7436,0.5837,COMPLED,-2.1136,48.1032,0.5206,COMPLED,-2.0049,53.7445,0.5317,COMPLED,2.8449,55.8187,0.5188,COMPLED,7.5001,58.9861,0.5255,COMPLED,1.0569,60.0404,0.5689,COMPLED,7.4997,63.8135,0.5480,COMPLED,-1.5105,70.5724,0.5709,COMPLED,1.1193,80.7897,0.5218,COMPLED,-10.4205,27.0043,0.7568,FOLLOW,-8.4274,35.6345,0.6117,COMPLED,-8.4364,41.5350,0.5805,COMPLED,-8.6855,52.1741,0.5344,COMPLED,-2.2786,58.9412,0.5140,COMPLED,-2.4438,63.3313,0.5223,COMPLED,-9.1983,74.2592,0.5198,COMPLED,-8.9957,85.4700,0.5379,COMPLED,-9.2493,80.6430,0.5176,COMPLED,-5.9450,70.8579,0.5896,COMPLED,-15.5186,27.2605,0.8031,FOLLOW,-17.5684,41.3859,0.5494,COMPLED,-17.0868,48.3738,0.5251,COMPLED,-11.7693,48.5671,0.5806,COMPLED,-9.0599,57.6718,0.5361,COMPLED,-19.3659,57.6852,0.5385,COMPLED,-19.3645,63.4977,0.5276,COMPLED,-9.2917,63.6975,0.5857,COMPLED,-20.3513,76.1051,0.5233,COMPLED,-16.4152,85.5623,0.5367,COMPLED,-17.7683,30.2806,0.6093,COMPLED,-17.7851,35.9028,0.6588,COMPLED,-26.7068,48.3689,0.5253,COMPLED,-19.5999,52.1669,0.5279,COMPLED,-28.6327,52.2241,0.5271,COMPLED,-27.8552,58.5293,0.5283,COMPLED,-27.1899,62.1594,0.5326,COMPLED,-23.4296,70.5190,0.5147,COMPLED,-26.6859,76.0300,0.5157,COMPLED,-19.0085,81.1102,0.5354,COMPLED,-24.1685,33.8113,0.5524,COMPLED,-25.2818,38.0605,0.6000,COMPLED,-28.6499,40.4131,0.5802,COMPLED,-35.9193,52.0979,0.5130,COMPLED,-31.7209,55.8555,0.5225,COMPLED,-31.6333,63.4690,0.5154,COMPLED,-35.9723,60.0076,0.5469,COMPLED,-35.9735,63.9535,0.5484,COMPLED,-29.4988,80.6576,0.5687,COMPLED,-31.3629,85.3503,0.5571,COMPLED,-26.1440,30.0370,0.6890,FOLLOW,-33.2565,37.9178,0.5659,COMPLED,-33.3934,41.5670,0.5946,COMPLED,-33.8577,34.3877,0.7783,FOLLOW,-36.4327,48.2978,0.5909,COMPLED,-36.2773,55.6927,0.5532,COMPLED,-43.1478,63.3176,0.5456,COMPLED,-47.8442,63.2892,0.5875,COMPLED,-48.4083,58.5974,0.7194,FOLLOW,-52.2680,63.2987,0.5792,COMPLED,-30.2625,27.9037,0.9785,FOLLOW,-35.1286,30.7351,1.1544,FOLLOW,-36.3832,27.8191,1.5845,FOLLOW,-48.3878,48.0736,0.6979,FOLLOW,-48.3962,52.9692,0.7049,FOLLOW
19.500,-1.1177,30.3663,0.7158,FOLLOW,4.2640,41.3185,0.5011,COMPLED,3.4689,27.6205,1.3718,FOLLOW,17.1337,48.1861,0.3713,COMPLED,7.3400,27.6654,1.4195,FOLLOW,14.8851,55.5495,0.4213,COMPLED,20.8792,52.1781,0.3620,COMPLED,21.9638,48.1695,0.4392,COMPLED,24.1945,52.0381,0.3721,COMPLED,21.6132,63.2193,0.3685,COMPLED,17.3877,63.1472,0.4134,COMPLED,-1.6395,33.8592,0.5289,COMPLED,0.3571,41.2756,0.3959,COMPLED,5.1176,51.9027,0.3348,COMPLED,7.7974,48.1455,0.3369,COMPLED,14.5473,51.9035,0.3203,COMPLED,7.7073,53.2366,0.3173,COMPLED,14.4379,59.4856,0.3069,COMPLED,1.2679,74.4115,0.3323,COMPLED,1.3158,85.6066,0.3743,COMPLED,-8.0680,30.1097,0.5033,COMPLED,-2.3349,37.5755,0.3452,COMPLED,-2.1742,48.0701,0.3079,COMPLED,-2.1099,53.7436,0.3145,COMPLED,2.7931,55.7874,0.3068,COMPLED,7.5156,58.8987,0.3108,COMPLED,0.9471,59.8941,0.3364,COMPLED,7.5153,63.6700,0.3241,COMPLED,-1.6663,70.4742,0.3376,COMPLED,1.0575,80.8111,0.3086,COMPLED,-10.6213,26.6071,0.4476,COMPLED,-8.5436,35.4129,0.3617,COMPLED,-8.5490,41.3664,0.3433,COMPLED,-8.7944,52.1447,0.3161,COMPLED,-2.2718,58.9620,0.3040,COMPLED,-2.3695,63.3235,0.3089,COMPLED,-9.1589,74.3054,0.3074,COMPLED,-9.0391,85.5772,0.3181,COMPLED,-9.2095,80.6631,0.3061,COMPLED,-6.0704,70.6840,0.3487,COMPLED,-15.4546,26.7586,0.4750,COMPLED,-17.5658,41.2373,0.3249,COMPLED,-17.0726,48.2874,0.3105,COMPLED,-11.6519,48.4017,0.3434,COMPLED,-9.0158,57.5617,0.3170,COMPLED,-19.4215,57.5736,0.3185,COMPLED,-19.4207,63.4219,0.3120,COMPLED,-9.1529,63.5401,0.3464,COMPLED,-20.4251,76.1162,0.3095,COMPLED,-16.4180,85.6726,0.3174,COMPLED,-17.6840,30.0483,0.3604,COMPLED,-17.6939,35.6002,0.3896,COMPLED,-26.7089,48.2804,0.3107,COMPLED,-19.5599,52.0792,0.3122,COMPLED,-28.6692,52.1375,0.3117,COMPLED,-27.8457,58.4325,0.3124,COMPLED,-27.2316,62.0584,0.3150,COMPLED,-23.4061,70.4999,0.3044,COMPLED,-26.7170,76.0391,0.3050,COMPLED,-18.9037,81.1397,0.3166,COMPLED,-24.1208,33.6646,0.3267,COMPLED,-25.2574,37.8283,0.3548,COMPLED,-28.5077,40.2697,0.3431,COMPLED,-35.9204,52.0956,0.3034,COMPLED,-31.6478,55.8337,0.3090,COMPLED,-31.5960,63.4622,0.3048,COMPLED,-35.9517,59.8665,0.3234,COMPLED,-35.9524,63.8099,0.3243,COMPLED,-29.3530,80.7576,0.3363,COMPLED,-31.2563,85.4614,0.3295,COMPLED,-25.9143,29.7654,0.4075,COMPLED,-33.1525,37.7725,0.3347,COMPLED,-33.2335,41.4098,0.3517,COMPLED,-33.5080,34.0708,0.4603,COMPLED,-36.2240,48.2383,0.3494,COMPLED,-36.1321,55.7375,0.3272,COMPLED,-43.0800,63.4339,0.3226,COMPLED,-47.6799,63.4171,0.3475,COMPLED,-48.0420,58.7302,0.4255,COMPLED,-52.1184,63.4227,0.3425,COMPLED,-29.6943,27.4373,0.5787,FOLLOW,-34.2596,30.2967,0.6827,FOLLOW,-35.0016,27.0236,0.9371,FOLLOW,-48.0299,48.1343,0.4127,COMPLED,-48.0349,53.0562,0.4169,COMPLED
20.000,-1.6507,30.0831,0.4320,COMPLED,3.9523,41.2407,0.3024,COMPLED,2.0529,26.9233,0.8278,FOLLOW,16.9808,48.2083,0.2241,COMPLED,5.8483,26.9504,0.8566,FOLLOW,14.6801,55.6259,0.2542,COMPLED,20.7400,52.2035,0.2184,COMPLED,21.7236,48.1983,0.2651,COMPLED,24.0413,52.0635,0.2246,COMPLED,21.4803,63.2879,0.2224,COMPLED,17.2213,63.2721,0.2495,COMPLED,-1.9656,33.7137,0.3192,COMPLED,0.1791,41.2148,0.2389,COMPLED,5.0187,51.9223,0.2021,COMPLED,7.6946,48.1244,0.2033,COMPLED,14.4762,51.9228,0.1933,COMPLED,7.6402,53.2309,0.1915,COMPLED,14.4102,59.5041,0.1852,COMPLED,1.1887,74.3563,0.2005,COMPLED,1.1779,85.6802,0.2259,COMPLED,-8.3233,29.9085,0.3037,COMPLED,-2.4051,37.4791,0.2083,COMPLED,-2.2090,48.0511,0.1858,COMPLED,-2.1702,53.7431,0.1898,COMPLED,2.7633,55.7695,0.1851,COMPLED,7.5245,58.8486,0.1875,COMPLED,0.8840,59.8101,0.2030,COMPLED,7.5244,63.5876,0.1956,COMPLED,-1.7558,70.4179,0.2038,COMPLED,1.0221,80.8235,0.1862,COMPLED,-10.7366,26.3792,0.2701,COMPLED,-8.6104,35.2858,0.2183,COMPLED,-8.6136,41.2696,0.2072,COMPLED,-8.8569,52.1279,0.1907,COMPLED,-2.2679,58.9740,0.1834,COMPLED,-2.3268,63.3191,0.1864,COMPLED,-9.1363,74.3319,0.1855,COMPLED,-9.0640,85.6386,0.1920,COMPLED,-9.1867,80.6747,0.1847,COMPLED,-6.1424,70.5841,0.2104,COMPLED,-15.4179,26.4706,0.2866,COMPLED,-17.5642,41.1520,0.1961,COMPLED,-17.0644,48.2378,0.1874,COMPLED,-11.5845,48.3067,0.2072,COMPLED,-8.9905,57.4984,0.1913,COMPLED,-19.4534,57.5096,0.1922,COMPLED,-19.4529,63.3784,0.1883,COMPLED,-9.0732,63.4497,0.2090,COMPLED,-20.4675,76.1226,0.1868,COMPLED,-16.4195,85.7359,0.1915,COMPLED,-17.6356,29.9151,0.2175,COMPLED,-17.6416,35.4265,0.2351,COMPLED,-26.7101,48.2296,0.1875,COMPLED,-19.5369,52.0289,0.1884,COMPLED,-28.6901,52.0878,0.1881,COMPLED,-27.8402,58.3769,0.1885,COMPLED,-27.2555,62.0005,0.1901,COMPLED,-23.3925,70.4889,0.1837,COMPLED,-26.7348,76.0443,0.1840,COMPLED,-18.8435,81.1566,0.1911,COMPLED,-24.0935,33.5804,0.1971,COMPLED,-25.2433,37.6951,0.2141,COMPLED,-28.4261,40.1875,0.2071,COMPLED,-35.9210,52.0943,0.1831,COMPLED,-31.6058,55.8212,0.1865,COMPLED,-31.5745,63.4582,0.1839,COMPLED,-35.9399,59.7855,0.1952,COMPLED,-35.9403,63.7276,0.1957,COMPLED,-29.2693,80.8149,0.2030,COMPLED,-31.1951,85.5252,0.1988,COMPLED,-25.7825,29.6095,0.2459,COMPLED,-33.0928,37.6891,0.2020,COMPLED,-33.1417,41.3196,0.2122,COMPLED,-33.3074,33.8890,0.2778,COMPLED,-36.1042,48.2042,0.2109,COMPLED,-36.0488,55.7632,0.1974,COMPLED,-43.0411,63.5007,0.1947,COMPLED,-47.5855,63.4905,0.2097,COMPLED,-47.8318,58.8063,0.2568,COMPLED,-52.0326,63.4939,0.2067,COMPLED,-29.3682,27.1696,0.3492,COMPLED,-33.7609,30.0451,0.4120,COMPLED,-34.2087,26.5671,0.5655,FOLLOW,-47.8245,48.1692,0.2491,COMPLED,-47.8275,53.1062,0.2516,COMPLED
20.500,-1.9724,29.9123,0.2607,COMPLED,3.7643,41.1937,0.1825,COMPLED,1.1984,26.5026,0.4996,FOLLOW,16.8885,48.2218,0.1352,COMPLED,4.9481,26.5189,0.5169,FOLLOW,14.5564,55.6720,0.1534,COMPLED,20.6559,52.2189,0.1318,COMPLED,21.5787,48.2158,0.1600,COMPLED,23.9488,52.0789,0.1355,COMPLED,21.4001,63.3292,0.1342,COMPLED,17.1209,63.3475,0.1506,COMPLED,-2.1624,33.6259,0.1926,COMPLED,0.0716,41.1781,0.1442,COMPLED,4.9589,51.9342,0.1219,COMPLED,7.6325,48.1116,0.1227,COMPLED,14.4333,51.9345,0.1166,COMPLED,7.5997,53.2275,0.1155,COMPLED,14.3935,59.5153,0.1118,COMPLED,1.1408,74.3230,0.1210,COMPLED,1.0947,85.7246,0.1363,COMPLED,-8.4774,29.7870,0.1833,COMPLED,-2.4475,37.4208,0.1257,COMPLED,-2.2300,48.0397,0.1121,COMPLED,-2.2066,53.7427,0.1145,COMPLED,2.7454,55.7587,0.1117,COMPLED,7.5299,58.8183,0.1132,COMPLED,0.8460,59.7594,0.1225,COMPLED,7.5298,63.5379,0.1180,COMPLED,-1.8098,70.3839,0.1230,COMPLED,1.0006,80.8309,0.1124,COMPLED,-10.8061,26.2416,0.1630,COMPLED,-8.6506,35.2090,0.1317,COMPLED,-8.6526,41.2111,0.1250,COMPLED,-8.8946,52.1177,0.1151,COMPLED,-2.2655,58.9812,0.1107,COMPLED,-2.3011,63.3164,0.1125,COMPLED,-9.1227,74.3479,0.1120,COMPLED,-9.0791,85.6758,0.1158,COMPLED,-9.1729,80.6816,0.1115,COMPLED,-6.1858,70.5239,0.1270,COMPLED,-15.3957,26.2968,0.1730,COMPLED,-17.5633,41.1006,0.1183,COMPLED,-17.0595,48.2078,0.1131,COMPLED,-11.5438,48.2494,0.1250,COMPLED,-8.9752,57.4603,0.1155,COMPLED,-19.4726,57.4710,0.1160,COMPLED,-19.4723,63.3522,0.1136,COMPLED,-9.0251,63.3952,0.1261,COMPLED,-20.4930,76.1264,0.1127,COMPLED,-16.4205,85.7741,0.1156,COMPLED,-17.6064,29.8346,0.1312,COMPLED,-17.6100,35.3217,0.1419,COMPLED,-26.7108,48.1989,0.1131,COMPLED,-19.5230,51.9985,0.1137,COMPLED,-28.7027,52.0579,0.1135,COMPLED,-27.8369,58.3433,0.1138,COMPLED,-27.2700,61.9655,0.1147,COMPLED,-23.3844,70.4823,0.1109,COMPLED,-26.7456,76.0475,0.1111,COMPLED,-18.8072,81.1667,0.1153,COMPLED,-24.0770,33.5296,0.1190,COMPLED,-25.2348,37.6146,0.1292,COMPLED,-28.3769,40.1378,0.1249,COMPLED,-35.9214,52.0935,0.1105,COMPLED,-31.5805,55.8137,0.1125,COMPLED,-31.5616,63.4559,0.1110,COMPLED,-35.9328,59.7366,0.1178,COMPLED,-35.9331,63.6779,0.1181,COMPLED,-29.2188,80.8496,0.1225,COMPLED,-31.1581,85.5637,0.1200,COMPLED,-25.7030,29.5154,0.1484,COMPLED,-33.0568,37.6388,0.1219,COMPLED,-33.0863,41.2651,0.1281,COMPLED,-33.1863,33.7792,0.1676,COMPLED,-36.0320,48.1836,0.1273,COMPLED,-35.9985,55.7787,0.1192,COMPLED,-43.0177,63.5409,0.1175,COMPLED,-47.5286,63.5348,0.1265,COMPLED,-47.7050,58.8523,0.1549,COMPLED,-51.9808,63.5369,0.1247,COMPLED,-29.1714,27.0081,0.2107,COMPLED,-33.4600,29.8933,0.2486,COMPLED,-33.7302,26.2915,0.3413,COMPLED,-47.7006,48.1902,0.1503,COMPLED,-47.7024,53.1364,0.1518,COMPLED
21.000,-2.1665,29.8092,0.1573,COMPLED,3.6508,41.1654,0.1101,COMPLED,0.6828,26.2487,0.3015,COMPLED,16.8328,48.2299,0.0816,COMPLED,4.4048,26.2585,0.3120,COMPLED,14.4817,55.6999,0.0926,COMPLED,20.6052,52.2281,0.0795,COMPLED,21.4912,48.2263,0.0965,COMPLED,23.8930,52.0881,0.0818,COMPLED,21.3517,63.3542,0.0810,COMPLED,17.0603,63.3930,0.0909,COMPLED,-2.2812,33.5729,0.1162,COMPLED,0.0068,41.1559,0.0870,COMPLED,4.9229,51.9414,0.0736,COMPLED,7.5951,48.1039,0.0740,COMPLED,14.4074,51.9415,0.0704,COMPLED,7.5752,53.2254,0.0697,COMPLED,14.3834,59.5220,0.0674,COMPLED,1.1120,74.3029,0.0730,COMPLED,1.0445,85.7515,0.0823,COMPLED,-8.5704,29.7138,0.1106,COMPLED,-2.4730,37.3857,0.0759,COMPLED,-2.2426,48.0328,0.0677,COMPLED,-2.2285,53.7425,0.0691,COMPLED,2.7346,55.7522,0.0674,COMPLED,7.5331,58.8000,0.0683,COMPLED,0.8230,59.7288,0.0739,COMPLED,7.5331,63.5079,0.0712,COMPLED,-1.8424,70.3634,0.0742,COMPLED,0.9877,80.8354,0.0678,COMPLED,-10.8481,26.1586,0.0984,COMPLED,-8.6750,35.1627,0.0795,COMPLED,-8.6761,41.1759,0.0754,COMPLED,-8.9173,52.1116,0.0695,COMPLED,-2.2641,58.9856,0.0668,COMPLED,-2.2856,63.3147,0.0679,COMPLED,-9.1145,74.3575,0.0676,COMPLED,-9.0881,85.6982,0.0699,COMPLED,-9.1646,80.6858,0.0673,COMPLED,-6.2120,70.4876,0.0766,COMPLED,-15.3823,26.1919,0.1044,COMPLED,-17.5628,41.0695,0.0714,COMPLED,-17.0565,48.1897,0.0682,COMPLED,-11.5193,48.2149,0.0755,COMPLED,-8.9660,57.4373,0.0697,COMPLED,-19.4843,57.4477,0.0700,COMPLED,-19.4841,63.3364,0.0686,COMPLED,-8.9961,63.3623,0.0761,COMPLED,-20.5085,76.1287,0.0680,COMPLED,-16.4211,85.7972,0.0698,COMPLED,-17.5888,29.7861,0.0792,COMPLED,-17.5909,35.2585,0.0856,COMPLED,-26.7113,48.1804,0.0683,COMPLED,-19.5147,51.9801,0.0686,COMPLED,-28.7103,52.0398,0.0685,COMPLED,-27.8350,58.3231,0.0687,COMPLED,-27.2787,61.9444,0.0692,COMPLED,-23.3794,70.4783,0.0669,COMPLED,-26.7521,76.0494,0.0670,COMPLED,-18.7853,81.1729,0.0696,COMPLED,-24.0671,33.4989,0.0718,COMPLED,-25.2297,37.5661,0.0780,COMPLED,-28.3472,40.1078,0.0754,COMPLED,-35.9216,52.0930,0.0667,COMPLED,-31.5652,55.8092,0.0679,COMPLED,-31.5538,63.4544,0.0670,COMPLED,-35.9285,59.7071,0.0711,COMPLED,-35.9286,63.6479,0.0713,COMPLED,-29.1883,80.8704,0.0739,COMPLED,-31.1359,85.5869,0.0724,COMPLED,-25.6550,29.4586,0.0895,COMPLED,-33.0350,37.6084,0.0736,COMPLED,-33.0528,41.2323,0.0773,COMPLED,-33.1132,33.7130,0.1011,COMPLED,-35.9883,48.1712,0.0768,COMPLED,-35.9681,55.7880,0.0719,COMPLED,-43.0035,63.5652,0.0709,COMPLED,-47.4942,63.5616,0.0764,COMPLED,-47.6284,58.8800,0.0935,COMPLED,-51.9495,63.5628,0.0753,COMPLED,-29.0527,26.9106,0.1272,COMPLED,-33.2783,29.8017,0.1500,COMPLED,-33.4414,26.1253,0.2059,COMPLED,-47.6258,48.2029,0.0907,COMPLED,-47.6269,53.1546,0.0916,COMPLED
21.500,-2.2872,29.7450,0.0930,COMPLED,3.5802,41.1478,0.0651,COMPLED,0.3622,26.0908,0.1783,COMPLED,16.7982,48.2349,0.0483,COMPLED,4.0670,26.0966,0.1845,COMPLED,14.4353,55.7172,0.0548,COMPLED,20.5737,52.2339,0.0470,COMPLED,21.4368,48.2328,0.0571,COMPLED,23.8583,52.0939,0.0484,COMPLED,21.3216,63.3698,0.0479,COMPLED,17.0226,63.4213,0.0537,COMPLED,-2.3550,33.5399,0.0687,COMPLED,-0.0336,41.1422,0.0515,COMPLED,4.9005,51.9458,0.0435,COMPLED,7.5718,48.0992,0.0438,COMPLED,14.3914,51.9459,0.0416,COMPLED,7.5601,53.2241,0.0412,COMPLED,14.3771,59.5262,0.0399,COMPLED,1.0940,74.2904,0.0432,COMPLED,1.0133,85.7681,0.0486,COMPLED,-8.6282,29.6682,0.0654,COMPLED,-2.4889,37.3639,0.0449,COMPLED,-2.2505,48.0285,0.0400,COMPLED,-2.2422,53.7424,0.0409,COMPLED,2.7278,55.7481,0.0399,COMPLED,7.5351,58.7887,0.0404,COMPLED,0.8087,59.7098,0.0437,COMPLED,7.5351,63.4893,0.0421,COMPLED,-1.8626,70.3507,0.0439,COMPLED,0.9797,80.8382,0.0401,COMPLED,-10.8742,26.1070,0.0582,COMPLED,-8.6901,35.1339,0.0470,COMPLED,-8.6908,41.1540,0.0446,COMPLED,-8.9315,52.1078,0.0411,COMPLED,-2.2632,58.9883,0.0395,COMPLED,-2.2759,63.3137,0.0401,COMPLED,-9.1093,74.3635,0.0400,COMPLED,-9.0938,85.7121,0.0413,COMPLED,-9.1594,80.6885,0.0398,COMPLED,-6.2283,70.4650,0.0453,COMPLED,-15.3740,26.1267,0.0617,COMPLED,-17.5624,41.0502,0.0422,COMPLED,-17.0546,48.1785,0.0404,COMPLED,-11.5040,48.1934,0.0446,COMPLED,-8.9602,57.4230,0.0412,COMPLED,-19.4915,57.4332,0.0414,COMPLED,-19.4914,63.3265,0.0405,COMPLED,-8.9781,63.3419,0.0450,COMPLED,-20.5181,76.1302,0.0402,COMPLED,-16.4214,85.8115,0.0413,COMPLED,-17.5778,29.7559,0.0468,COMPLED,-17.5791,35.2192,0.0506,COMPLED,-26.7115,48.1689,0.0404,COMPLED,-19.5095,51.9687,0.0406,COMPLED,-28.7151,52.0285,0.0405,COMPLED,-27.8337,58.3105,0.0406,COMPLED,-27.2841,61.9312,0.0409,COMPLED,-23.3764,70.4758,0.0396,COMPLED,-26.7561,76.0505,0.0396,COMPLED,-18.7717,81.1767,0.0412,COMPLED,-24.0609,33.4798,0.0425,COMPLED,-25.2265,37.5359,0.0461,COMPLED,-28.3287,40.0892,0.0446,COMPLED,-35.9217,52.0927,0.0394,COMPLED,-31.5557,55.8063,0.0402,COMPLED,-31.5490,63.4535,0.0396,COMPLED,-35.9258,59.6888,0.0420,COMPLED,-35.9259,63.6292,0.0421,COMPLED,-29.1694,80.8834,0.0437,COMPLED,-31.1220,85.6013,0.0428,COMPLED,-25.6251,29.4233,0.0530,COMPLED,-33.0215,37.5896,0.0435,COMPLED,-33.0320,41.2118,0.0457,COMPLED,-33.0677,33.6718,0.0598,COMPLED,-35.9612,48.1634,0.0454,COMPLED,-35.9493,55.7938,0.0425,COMPLED,-42.9947,63.5804,0.0419,COMPLED,-47.4729,63.5782,0.0452,COMPLED,-47.5808,58.8973,0.0553,COMPLED,-51.9301,63.5789,0.0445,COMPLED,-28.9788,26.8500,0.0752,COMPLED,-33.1654,29.7447,0.0887,COMPLED,-33.2618,26.0219,0.1218,COMPLED,-47.5793,48.2108,0.0536,COMPLED,-47.5799,53.1659,0.0542,COMPLED
22.000,-2.3565,29.7082,0.0561,COMPLED,3.5397,41.1376,0.0393,COMPLED,0.1781,26.0001,0.1076,COMPLED,16.7783,48.2378,0.0291,COMPLED,3.8731,26.0037,0.1113,COMPLED,14.4086,55.7271,0.0330,COMPLED,20.5556,52.2372,0.0284,COMPLED,21.4056,48.2365,0.0344,COMPLED,23.8384,52.0972,0.0292,COMPLED,21.3043,63.3787,0.0289,COMPLED,17.0010,63.4375,0.0324,COMPLED,-2.3974,33.5210,0.0415,COMPLED,-0.0567,41.1343,0.0311,COMPLED,4.8876,51.9484,0.0263,COMPLED,7.5584,48.0964,0.0264,COMPLED,14.3821,51.9484,0.0251,COMPLED,7.5513,53.2234,0.0249,COMPLED,14.3735,59.5286,0.0241,COMPLED,1.0837,74.2832,0.0261,COMPLED,0.9953,85.7777,0.0294,COMPLED,-8.6614,29.6420,0.0395,COMPLED,-2.4981,37.3513,0.0271,COMPLED,-2.2551,48.0260,0.0241,COMPLED,-2.2500,53.7423,0.0247,COMPLED,2.7239,55.7458,0.0241,COMPLED,7.5363,58.7822,0.0244,COMPLED,0.8005,59.6989,0.0264,COMPLED,7.5363,63.4785,0.0254,COMPLED,-1.8742,70.3434,0.0265,COMPLED,0.9751,80.8398,0.0242,COMPLED,-10.8891,26.0773,0.0351,COMPLED,-8.6987,35.1174,0.0284,COMPLED,-8.6992,41.1414,0.0269,COMPLED,-8.9396,52.1056,0.0248,COMPLED,-2.2627,58.9899,0.0238,COMPLED,-2.2704,63.3131,0.0242,COMPLED,-9.1064,74.3670,0.0241,COMPLED,-9.0970,85.7201,0.0249,COMPLED,-9.1564,80.6900,0.0240,COMPLED,-6.2377,70.4520,0.0273,COMPLED,-15.3692,26.0892,0.0373,COMPLED,-17.5622,41.0391,0.0255,COMPLED,-17.0536,48.1721,0.0244,COMPLED,-11.4953,48.1810,0.0269,COMPLED,-8.9569,57.4147,0.0249,COMPLED,-19.4956,57.4249,0.0250,COMPLED,-19.4956,63.3209,0.0245,COMPLED,-8.9677,63.3301,0.0272,COMPLED,-20.5236,76.1310,0.0243,COMPLED,-16.4216,85.8197,0.0249,COMPLED,-17.5715,29.7386,0.0283,COMPLED,-17.5723,35.1966,0.0306,COMPLED,-26.7117,48.1623,0.0244,COMPLED,-19.5065,51.9622,0.0245,COMPLED,-28.7178,52.0221,0.0245,COMPLED,-27.8330,58.3032,0.0245,COMPLED,-27.2872,61.9237,0.0247,COMPLED,-23.3746,70.4744,0.0239,COMPLED,-26.7584,76.0512,0.0239,COMPLED,-18.7638,81.1789,0.0248,COMPLED,-24.0573,33.4689,0.0256,COMPLED,-25.2247,37.5186,0.0278,COMPLED,-28.3181,40.0785,0.0269,COMPLED,-35.9218,52.0925,0.0238,COMPLED,-31.5502,55.8047,0.0242,COMPLED,-31.5462,63.4530,0.0239,COMPLED,-35.9243,59.6783,0.0254,COMPLED,-35.9243,63.6185,0.0254,COMPLED,-29.1585,80.8909,0.0264,COMPLED,-31.1140,85.6096,0.0258,COMPLED,-25.6080,29.4031,0.0320,COMPLED,-33.0138,37.5787,0.0263,COMPLED,-33.0201,41.2001,0.0276,COMPLED,-33.0416,33.6482,0.0361,COMPLED,-35.9456,48.1590,0.0274,COMPLED,-35.9384,55.7972,0.0257,COMPLED,-42.9896,63.5890,0.0253,COMPLED,-47.4606,63.5877,0.0273,COMPLED,-47.5535,58.9072,0.0334,COMPLED,-51.9189,63.5882,0.0269,COMPLED,-28.9364,26.8152,0.0454,COMPLED,-33.1006,29.7120,0.0535,COMPLED,-33.1588,25.9626,0.0735,COMPLED,-47.5526,48.2153,0.0324,COMPLED,-47.5530,53.1724,0.0327,COMPLED
22.500,-2.3996,29.6854,0.0332,COMPLED,3.5145,41.1313,0.0232,COMPLED,0.0637,25.9438,0.0636,COMPLED,16.7660,48.2396,0.0172,COMPLED,3.7526,25.9459,0.0658,COMPLED,14.3920,55.7333,0.0195,COMPLED,20.5444,52.2393,0.0168,COMPLED,21.3862,48.2389,0.0204,COMPLED,23.8260,52.0993,0.0173,COMPLED,21.2936,63.3842,0.0171,COMPLED,16.9875,63.4476,0.0192,COMPLED,-2.4238,33.5093,0.0245,COMPLED,-0.0711,41.1294,0.0184,COMPLED,4.8796,51.9499,0.0155,COMPLED,7.5501,48.0947,0.0156,COMPLED,14.3764,51.9500,0.0149,COMPLED,7.5459,53.2229,0.0147,COMPLED,14.3713,59.5301,0.0142,COMPLED,1.0773,74.2787,0.0154,COMPLED,0.9842,85.7836,0.0174,COMPLED,-8.6821,29.6258,0.0233,COMPLED,-2.5037,37.3435,0.0160,COMPLED,-2.2579,48.0245,0.0143,COMPLED,-2.2549,53.7423,0.0146,COMPLED,2.7215,55.7443,0.0142,COMPLED,7.5370,58.7781,0.0144,COMPLED,0.7954,59.6921,0.0156,COMPLED,7.5370,63.4719,0.0150,COMPLED,-1.8815,70.3388,0.0157,COMPLED,0.9722,80.8408,0.0143,COMPLED,-10.8985,26.0589,0.0208,COMPLED,-8.7041,35.1071,0.0168,COMPLED,-8.7044,41.1336,0.0159,COMPLED,-8.9446,52.1042,0.0147,COMPLED,-2.2624,58.9908,0.0141,COMPLED,-2.2669,63.3128,0.0143,COMPLED,-9.1046,74.3691,0.0143,COMPLED,-9.0990,85.7251,0.0148,COMPLED,-9.1546,80.6909,0.0142,COMPLED,-6.2435,70.4439,0.0162,COMPLED,-15.3662,26.0659,0.0220,COMPLED,-17.5621,41.0322,0.0151,COMPLED,-17.0529,48.1681,0.0144,COMPLED,-11.4898,48.1734,0.0159,COMPLED,-8.9549,57.4096,0.0147,COMPLED,-19.4982,57.4197,0.0148,COMPLED,-19.4982,63.3173,0.0145,COMPLED,-8.9613,63.3228,0.0161,COMPLED,-20.5270,76.1315,0.0144,COMPLED,-16.4218,85.8248,0.0147,COMPLED,-17.5676,29.7278,0.0167,COMPLED,-17.5681,35.1826,0.0181,COMPLED,-26.7118,48.1582,0.0144,COMPLED,-19.5046,51.9581,0.0145,COMPLED,-28.7195,52.0181,0.0145,COMPLED,-27.8326,58.2987,0.0145,COMPLED,-27.2891,61.9190,0.0146,COMPLED,-23.3735,70.4735,0.0141,COMPLED,-26.7599,76.0516,0.0141,COMPLED,-18.7590,81.1803,0.0147,COMPLED,-24.0551,33.4621,0.0152,COMPLED,-25.2236,37.5078,0.0165,COMPLED,-28.3115,40.0719,0.0159,COMPLED,-35.9219,52.0924,0.0141,COMPLED,-31.5468,55.8037,0.0143,COMPLED,-31.5444,63.4527,0.0141,COMPLED,-35.9233,59.6717,0.0150,COMPLED,-35.9234,63.6119,0.0150,COMPLED,-29.1517,80.8955,0.0156,COMPLED,-31.1091,85.6148,0.0153,COMPLED,-25.5974,29.3905,0.0189,COMPLED,-33.0089,37.5720,0.0155,COMPLED,-33.0127,41.1928,0.0163,COMPLED,-33.0254,33.6335,0.0213,COMPLED,-35.9360,48.1562,0.0162,COMPLED,-35.9317,55.7992,0.0152,COMPLED,-42.9865,63.5944,0.0150,COMPLED,-47.4530,63.5937,0.0161,COMPLED,-47.5365,58.9134,0.0197,COMPLED,-51.9120,63.5939,0.0159,COMPLED,-28.9101,26.7936,0.0268,COMPLED,-33.0603,29.6917,0.0317,COMPLED,-33.0947,25.9257,0.0435,COMPLED,-47.5360,48.2182,0.0191,COMPLED,-47.5362,53.1764,0.0193,COMPLED
23.000,-2.4460,29.4782,0.1494,FOLLOW,3.4867,40.9132,0.1163,FOLLOW,-0.0195,25.7381,0.1889,FOLLOW,16.6843,48.0355,0.1010,FOLLOW,3.6579,25.7400,0.1896,FOLLOW,14.3210,55.5360,0.1185,FOLLOW,20.4618,52.0486,0.1202,FOLLOW,21.2854,48.0471,0.1097,FOLLOW,23.7346,51.9173,0.1258,FOLLOW,21.2270,63.1966,0.1311,FOLLOW,16.9303,63.2554,0.1284,FOLLOW,-2.4563,33.3070,0.1431,FOLLOW,-0.0891,40.9118,0.1134,FOLLOW,4.8453,51.7369,0.1092,FOLLOW,7.4987,47.8810,0.1047,FOLLOW,14.3171,51.7478,0.1154,FOLLOW,7.5035,53.0145,0.1150,FOLLOW,14.3248,59.3322,0.1259,FOLLOW,1.0661,74.0629,0.1144,FOLLOW,0.9642,85.5696,0.1080,FOLLOW,-8.6823,29.4219,0.1443,FOLLOW,-2.5212,37.1425,0.1372,FOLLOW,-2.2713,47.8132,0.1179,FOLLOW,-2.2807,53.5314,0.1153,FOLLOW,2.6898,55.5311,0.1108,FOLLOW,7.5037,58.5710,0.1217,FOLLOW,0.7722,59.4757,0.1140,FOLLOW,7.5068,63.2625,0.1217,FOLLOW,-1.8939,70.1222,0.1132,FOLLOW,0.9639,80.6269,0.1117,FOLLOW,-10.9001,25.8731,0.1627,FOLLOW,-8.6985,34.9001,0.1325,FOLLOW,-8.7004,40.9230,0.1255,FOLLOW,-8.9412,51.8874,0.1094,FOLLOW,-2.2826,58.7796,0.1143,FOLLOW,-2.2731,63.1005,0.1156,FOLLOW,-9.0992,74.1531,0.1071,FOLLOW,-9.0965,85.5101,0.1067,FOLLOW,-9.1494,80.4735,0.1059,FOLLOW,-6.2418,70.2293,0.1200,FOLLOW,-15.3437,25.8781,0.1626,FOLLOW,-17.5375,40.8236,0.1244,FOLLOW,-17.0204,47.9571,0.1164,FOLLOW,-11.4821,47.9514,0.1074,FOLLOW,-8.9605,57.1906,0.1092,FOLLOW,-19.4650,57.2085,0.1164,FOLLOW,-19.4689,63.1052,0.1145,FOLLOW,-8.9529,63.1066,0.1167,FOLLOW,-20.5007,75.9150,0.1041,FOLLOW,-16.4075,85.6104,0.1063,FOLLOW,-17.5291,29.5433,0.1530,FOLLOW,-17.5131,34.9787,0.1288,FOLLOW,-26.6490,47.9535,0.1123,FOLLOW,-19.4773,51.7476,0.1186,FOLLOW,-28.6679,51.8118,0.1155,FOLLOW,-27.7789,58.0905,0.1124,FOLLOW,-27.2428,61.7104,0.1150,FOLLOW,-23.3431,70.2606,0.1110,FOLLOW,-26.7243,75.8400,0.1097,FOLLOW,-18.7348,80.9638,0.1052,FOLLOW,-23.9950,33.2689,0.1324,FOLLOW,-25.1664,37.3106,0.1321,FOLLOW,-28.2412,39.8819,0.1326,FOLLOW,-35.8553,51.8977,0.1211,FOLLOW,-31.4869,55.6013,0.1159,FOLLOW,-31.4944,63.2500,0.1190,FOLLOW,-35.8556,59.4694,0.1155,FOLLOW,-35.8623,63.4126,0.1238,FOLLOW,-29.1083,80.6869,0.1105,FOLLOW,-31.0711,85.4028,0.1056,FOLLOW,-25.5064,29.2038,0.1305,FOLLOW,-32.9274,37.3921,0.1364,FOLLOW,-32.9387,41.0088,0.1381,FOLLOW,-32.9475,33.4586,0.1546,FOLLOW,-35.8690,47.9582,0.1226,FOLLOW,-35.8670,55.6047,0.1235,FOLLOW,-42.9112,63.4012,0.1148,FOLLOW,-47.3655,63.4085,0.1192,FOLLOW,-47.4447,58.7285,0.1224,FOLLOW,-51.8165,63.4161,0.1220,FOLLOW,-28.8006,26.6176,0.1447,FOLLOW,-32.9391,29.5290,0.1557,FOLLOW,-32.9434,25.7678,0.1602,FOLLOW,-47.4266,48.0429,0.1218,FOLLOW,-47.4359,52.9961,0.1227,FOLLOW
23.500,-3.0055,25.6041,3.3833,FOLLOW,3.1423,36.5272,2.6715,FOLLOW,-0.4980,22.3721,3.9462,FOLLOW,14.8144,43.8861,2.3642,FOLLOW,2.9776,22.3890,3.9287,FOLLOW,12.7763,51.4964,2.7849,FOLLOW,18.5536,48.2330,2.8712,FOLLOW,19.0352,44.2003,2.5414,FOLLOW,21.6219,48.3186,3.0085,FOLLOW,19.7114,59.4067,3.1481,FOLLOW,15.6876,59.2883,3.0468,FOLLOW,-2.9012,29.3958,3.3513,FOLLOW,-0.3387,36.5212,2.6720,FOLLOW,4.0973,47.3662,2.6031,FOLLOW,6.3276,43.5408,2.4852,FOLLOW,12.9145,47.6503,2.7741,FOLLOW,6.5175,48.7900,2.7670,FOLLOW,13.1925,55.3420,3.0586,FOLLOW,0.8743,69.7093,2.7386,FOLLOW,0.6212,81.1139,2.5427,FOLLOW,-8.3993,25.5369,3.4015,FOLLOW,-2.8804,33.2069,3.3270,FOLLOW,-2.5673,43.5335,2.8490,FOLLOW,-2.8589,49.2361,2.7766,FOLLOW,1.9297,51.1979,2.6642,FOLLOW,6.6606,54.4291,2.9445,FOLLOW,0.2615,55.1414,2.7268,FOLLOW,6.7413,59.0992,2.9360,FOLLOW,-2.1034,65.7497,2.7053,FOLLOW,0.7967,76.2422,2.6867,FOLLOW,-10.8094,22.4733,3.9198,FOLLOW,-8.4811,30.8507,3.1936,FOLLOW,-8.5279,36.7492,3.0221,FOLLOW,-8.7843,47.4659,2.6227,FOLLOW,-2.7939,54.4639,2.7568,FOLLOW,-2.4771,58.7775,2.7880,FOLLOW,-8.9890,69.7003,2.5686,FOLLOW,-9.0039,81.0458,2.5483,FOLLOW,-9.0462,76.0043,2.5384,FOLLOW,-6.1179,65.9554,2.8732,FOLLOW,-14.8199,22.4950,3.8990,FOLLOW,-16.9229,36.6835,3.0082,FOLLOW,-16.2158,43.7193,2.8085,FOLLOW,-11.3656,43.4888,2.5511,FOLLOW,-9.1283,52.7656,2.6158,FOLLOW,-18.5990,52.9784,2.8013,FOLLOW,-18.7001,58.8288,2.7572,FOLLOW,-8.8343,58.7811,2.7903,FOLLOW,-19.7962,71.4746,2.4878,FOLLOW,-16.0497,81.1550,2.5395,FOLLOW,-16.6199,26.0655,3.7275,FOLLOW,-16.1954,31.0599,3.0777,FOLLOW,-25.0763,43.8741,2.7021,FOLLOW,-18.8181,47.5191,2.8641,FOLLOW,-27.3523,47.6917,2.7846,FOLLOW,-26.4433,53.9249,2.7016,FOLLOW,-26.0556,57.5397,2.7676,FOLLOW,-22.5981,65.9293,2.6718,FOLLOW,-25.8153,71.5206,2.6371,FOLLOW,-18.1987,76.5112,2.5104,FOLLOW,-22.5212,29.5166,3.2152,FOLLOW,-23.7498,33.5116,3.1859,FOLLOW,-26.5732,36.2082,3.2084,FOLLOW,-34.1908,48.0126,2.9349,FOLLOW,-30.0353,51.5356,2.7958,FOLLOW,-30.2660,59.1647,2.8803,FOLLOW,-34.1750,55.4819,2.7762,FOLLOW,-34.3489,59.5031,2.9896,FOLLOW,-28.1172,76.3838,2.6342,FOLLOW,-30.1893,81.0077,2.5122,FOLLOW,-23.3782,25.6970,3.1102,FOLLOW,-30.9554,33.9698,3.3124,FOLLOW,-31.1904,37.4916,3.3444,FOLLOW,-31.2246,30.2754,3.6954,FOLLOW,-34.3289,44.0253,2.9427,FOLLOW,-34.3424,51.6926,2.9798,FOLLOW,-41.0710,59.4747,2.7581,FOLLOW,-45.2844,59.6744,2.8536,FOLLOW,-45.3864,54.9997,2.8810,FOLLOW,-49.5259,59.8681,2.9289,FOLLOW,-26.4275,23.5076,3.3573,FOLLOW,-30.4716,26.7307,3.5677,FOLLOW,-30.0546,23.3247,3.5029,FOLLOW,-44.9220,44.6027,2.8757,FOLLOW,-45.1619,49.4107,2.8968,FOLLOW
24.000,-3.5855,21.6286,6.7361,FOLLOW,2.7830,31.9754,5.3380,FOLLOW,-0.9407,19.2898,7.4231,FOLLOW,12.8653,39.5798,4.7233,FOLLOW,2.3448,19.3048,7.4068,FOLLOW,11.1671,47.3036,5.5626,FOLLOW,16.5657,44.2740,5.7369,FOLLOW,16.6906,40.2095,5.0753,FOLLOW,19.4214,44.5856,6.0109,FOLLOW,18.1333,55.4732,6.2897,FOLLOW,14.3935,55.1703,6.0859,FOLLOW,-3.3659,25.3439,6.7014,FOLLOW,-0.5992,31.9647,5.3420,FOLLOW,3.3177,42.8286,5.2026,FOLLOW,5.1066,39.0356,4.9672,FOLLOW,11.4529,43.3976,5.5446,FOLLOW,5.4900,44.4047,5.5306,FOLLOW,12.0131,51.2003,6.1131,FOLLOW,0.6746,65.1878,5.4715,FOLLOW,0.2640,76.4857,5.0777,FOLLOW,-8.1066,21.5597,6.7704,FOLLOW,-3.2551,29.1271,6.6552,FOLLOW,-2.8760,39.0913,5.6964,FOLLOW,-3.4614,44.7769,5.5501,FOLLOW,1.1376,46.6991,5.3251,FOLLOW,5.7822,50.1293,5.8851,FOLLOW,-0.2705,50.6409,5.4489,FOLLOW,5.9439,54.7768,5.8674,FOLLOW,-2.3215,61.2087,5.4049,FOLLOW,0.6226,71.6881,5.3680,FOLLOW,-10.7253,19.3526,7.4047,FOLLOW,-8.2541,26.6532,6.3899,FOLLOW,-8.3479,32.4191,6.0439,FOLLOW,-8.6208,42.8750,5.2427,FOLLOW,-3.3265,49.9828,5.5101,FOLLOW,-2.6896,54.2886,5.5719,FOLLOW,-8.8742,65.0755,5.1320,FOLLOW,-8.9076,76.4087,5.0906,FOLLOW,-8.9386,71.3621,5.0713,FOLLOW,-5.9889,61.5173,5.7404,FOLLOW,-14.3311,19.3714,7.3856,FOLLOW,-16.2818,32.3887,6.0165,FOLLOW,-15.3771,39.3208,5.6151,FOLLOW,-11.2440,38.8556,5.0994,FOLLOW,-9.3031,48.1706,5.2279,FOLLOW,-17.6967,48.5868,5.5986,FOLLOW,-17.8992,54.3886,5.5101,FOLLOW,-8.7106,54.2895,5.5754,FOLLOW,-19.0624,66.8627,4.9702,FOLLOW,-15.6772,76.5272,5.0730,FOLLOW,-15.6704,22.4702,7.4605,FOLLOW,-14.8200,26.9988,6.1558,FOLLOW,-23.4371,39.6409,5.4014,FOLLOW,-18.1312,43.1298,5.7255,FOLLOW,-25.9815,43.4154,5.5660,FOLLOW,-25.0519,49.6006,5.3990,FOLLOW,-24.8191,53.2096,5.5307,FOLLOW,-21.8222,61.4313,5.3388,FOLLOW,-24.8687,67.0348,5.2690,FOLLOW,-17.6404,71.8864,5.0149,FOLLOW,-20.9827,25.6308,6.4332,FOLLOW,-22.2723,29.5743,6.3714,FOLLOW,-24.8344,32.4002,6.4150,FOLLOW,-32.4567,43.9812,5.8663,FOLLOW,-28.5230,47.3156,5.5878,FOLLOW,-28.9866,54.9235,5.7562,FOLLOW,-32.4246,51.3431,5.5474,FOLLOW,-32.7729,55.4451,5.9740,FOLLOW,-27.0853,71.9148,5.2618,FOLLOW,-29.2711,76.4426,5.0180,FOLLOW,-21.1551,22.0721,6.2226,FOLLOW,-28.8996,30.4249,6.6231,FOLLOW,-29.3683,33.8463,6.6858,FOLLOW,-29.4282,26.9820,7.3871,FOLLOW,-32.7240,39.9450,5.8816,FOLLOW,-32.7543,47.6327,5.9552,FOLLOW,-39.1548,55.3989,5.5107,FOLLOW,-43.1174,55.7990,5.7008,FOLLOW,-43.2429,51.1303,5.7537,FOLLOW,-47.1411,56.1866,5.8512,FOLLOW,-23.9638,20.3198,6.6925,FOLLOW,-27.8989,23.8417,7.1250,FOLLOW,-27.0422,20.8110,6.9885,FOLLOW,-42.3134,41.0355,5.7440,FOLLOW,-42.7936,45.6915,5.7859,FOLLOW
24.500,-3.9878,18.8827,9.0614,FOLLOW,2.4359,27.6055,7.9131,FOLLOW,-1.2022,17.4713,9.4759,FOLLOW,10.9861,35.4449,6.9977,FOLLOW,1.9702,17.4804,9.4661,FOLLOW,9.6168,43.2767,8.2386,FOLLOW,14.6507,40.4730,8.4976,FOLLOW,14.4311,36.3789,7.5171,FOLLOW,17.3021,41.0023,8.9025,FOLLOW,16.6138,51.6952,9.3145,FOLLOW,13.1473,51.2145,9.0126,FOLLOW,-3.8090,21.5154,9.8963,FOLLOW,-0.8508,27.5901,7.9205,FOLLOW,2.5661,38.4697,7.7087,FOLLOW,3.9290,34.7085,7.3609,FOLLOW,10.0444,39.3136,8.2145,FOLLOW,4.4997,40.1925,8.1940,FOLLOW,10.8771,47.2222,9.0551,FOLLOW,0.4823,60.8426,8.1030,FOLLOW,-0.0798,72.0373,7.5183,FOLLOW,-7.9057,18.8411,9.0821,FOLLOW,-3.6169,25.2156,9.8687,FOLLOW,-3.1736,34.8252,8.4421,FOLLOW,-4.0421,40.4935,8.2231,FOLLOW,0.3743,42.3770,7.8894,FOLLOW,4.9361,45.9989,8.7179,FOLLOW,-0.7832,46.3168,8.0716,FOLLOW,5.1759,50.6242,8.6906,FOLLOW,-2.5316,56.8449,8.0048,FOLLOW,0.4550,67.3112,7.9495,FOLLOW,-10.6756,17.5092,9.4648,FOLLOW,-8.0347,22.6302,9.4797,FOLLOW,-8.1742,28.2635,8.9605,FOLLOW,-8.4632,38.4647,7.7686,FOLLOW,-3.8397,45.6776,8.1628,FOLLOW,-2.8943,49.9754,8.2536,FOLLOW,-8.7637,60.6307,7.6006,FOLLOW,-8.8149,71.9516,7.5382,FOLLOW,-8.8351,66.9004,7.5101,FOLLOW,-5.8646,57.2525,8.5015,FOLLOW,-14.0412,17.5205,9.4533,FOLLOW,-15.6630,28.2673,8.9199,FOLLOW,-14.5684,35.0968,8.3213,FOLLOW,-11.1267,34.4050,7.5575,FOLLOW,-9.4716,43.7557,7.7451,FOLLOW,-16.8273,44.3680,8.2939,FOLLOW,-17.1278,50.1223,8.1617,FOLLOW,-8.5916,49.9738,8.2582,FOLLOW,-18.3559,62.4302,7.3605,FOLLOW,-15.3185,72.0791,7.5120,FOLLOW,-14.8609,19.4324,10.6430,FOLLOW,-13.4911,23.1075,9.1299,FOLLOW,-21.8568,35.5765,8.0035,FOLLOW,-17.4691,38.9140,8.4834,FOLLOW,-24.6603,39.3086,8.2465,FOLLOW,-23.7115,45.4466,7.9976,FOLLOW,-23.6281,49.0497,8.1921,FOLLOW,-21.0749,57.1088,7.9072,FOLLOW,-23.9573,62.7239,7.8031,FOLLOW,-17.1029,67.4413,7.4263,FOLLOW,-19.4964,21.9120,9.5418,FOLLOW,-20.8462,25.8000,9.4458,FOLLOW,-23.1576,28.7487,9.5073,FOLLOW,-30.7860,40.1105,8.6905,FOLLOW,-27.0661,43.2625,8.2776,FOLLOW,-27.7545,50.8491,8.5258,FOLLOW,-30.7386,47.3676,8.2165,FOLLOW,-31.2554,51.5472,8.8477,FOLLOW,-26.0918,67.6199,7.7916,FOLLOW,-28.3873,72.0550,7.4302,FOLLOW,-19.3557,19.1611,8.7419,FOLLOW,-26.9174,27.0285,9.8155,FOLLOW,-27.6121,30.3509,9.9066,FOLLOW,-27.6956,23.8313,10.9479,FOLLOW,-31.1772,36.0279,8.7140,FOLLOW,-31.2246,43.7338,8.8211,FOLLOW,-37.3095,51.4838,8.1613,FOLLOW,-41.0311,52.0770,8.4419,FOLLOW,-41.1789,47.4145,8.5200,FOLLOW,-44.8454,52.6511,8.6644,FOLLOW,-22.2334,18.0929,9.0351,FOLLOW,-25.4172,21.0855,10.5565,FOLLOW,-24.2569,18.5205,10.2115,FOLLOW,-39.8008,37.6126,8.5067,FOLLOW,-40.5128,42.1211,8.5682,FOLLOW
25.000,-4.2306,17.2256,10.4646,FOLLOW,2.0869,23.2447,10.5030,FOLLOW,-1.3599,16.3739,10.7147,FOLLOW,9.1011,31.3167,9.2792,FOLLOW,1.7441,16.3794,10.7088,FOLLOW,8.0631,39.2550,10.9204,FOLLOW,12.7317,36.6785,11.2641,FOLLOW,12.1659,32.5557,9.9652,FOLLOW,15.1789,37.4257,11.7995,FOLLOW,15.0921,47.9217,12.3437,FOLLOW,11.8991,47.2629,11.9439,FOLLOW,-4.1226,18.8144,12.1580,FOLLOW,-1.1038,23.2252,10.5136,FOLLOW,1.8122,34.1156,10.2224,FOLLOW,2.7473,30.3875,9.7631,FOLLOW,8.6322,35.2354,10.8912,FOLLOW,3.5068,35.9856,10.8645,FOLLOW,9.7391,43.2488,12.0024,FOLLOW,0.2897,56.4999,10.7386,FOLLOW,-0.4241,67.5906,9.9620,FOLLOW,-7.7845,17.2005,10.4771,FOLLOW,-3.9738,21.3924,13.0381,FOLLOW,-3.4723,30.5655,11.1974,FOLLOW,-4.6244,36.2148,10.9035,FOLLOW,-0.3910,38.0593,10.4603,FOLLOW,4.0882,41.8730,11.5565,FOLLOW,-1.2969,41.9966,10.7002,FOLLOW,4.4065,46.4753,11.5189,FOLLOW,-2.7421,52.4838,10.6092,FOLLOW,0.2872,62.9365,10.5345,FOLLOW,-10.6456,16.3967,10.7080,FOLLOW,-7.8623,19.4871,11.9066,FOLLOW,-7.9996,24.1183,11.8914,FOLLOW,-8.3051,34.0591,10.3023,FOLLOW,-4.3541,41.3763,10.8215,FOLLOW,-3.0994,45.6657,10.9406,FOLLOW,-8.6531,56.1882,10.0732,FOLLOW,-8.7220,67.4963,9.9889,FOLLOW,-8.7314,62.4406,9.9524,FOLLOW,-5.7401,52.9908,11.2671,FOLLOW,-13.8662,16.4036,10.7011,FOLLOW,-15.0413,24.1564,11.8374,FOLLOW,-13.7569,30.8793,11.0365,FOLLOW,-11.0090,29.9598,10.0250,FOLLOW,-9.6406,39.3445,10.2688,FOLLOW,-15.9560,40.1536,10.9952,FOLLOW,-16.3549,45.8595,10.8185,FOLLOW,-8.4723,45.6615,10.9464,FOLLOW,-17.6482,57.9999,9.7546,FOLLOW,-14.9594,67.6328,9.9542,FOLLOW,-14.3609,17.5573,12.6086,FOLLOW,-12.3520,19.7960,11.6791,FOLLOW,-20.2719,31.5191,10.6135,FOLLOW,-16.8052,34.7037,11.2491,FOLLOW,-23.3357,35.2076,10.9339,FOLLOW,-22.3682,41.2970,10.6017,FOLLOW,-22.4348,44.8938,10.8586,FOLLOW,-20.3265,52.7892,10.4799,FOLLOW,-23.0445,58.4155,10.3409,FOLLOW,-16.5647,62.9982,9.8411,FOLLOW,-18.3479,19.0537,11.9441,FOLLOW,-19.4132,22.0415,12.5352,FOLLOW,-21.4747,25.1099,12.6107,FOLLOW,-29.1116,36.2462,11.5210,FOLLOW,-25.6060,39.2145,10.9733,FOLLOW,-26.5203,46.7787,11.3003,FOLLOW,-29.0497,43.3969,10.8904,FOLLOW,-29.7355,47.6535,11.7258,FOLLOW,-25.0970,63.3273,10.3247,FOLLOW,-27.5023,67.6694,9.8455,FOLLOW,-18.2630,17.3936,10.2718,FOLLOW,-24.9281,23.6473,13.0193,FOLLOW,-25.8506,26.8671,13.1369,FOLLOW,-25.9570,20.7043,14.5209,FOLLOW,-29.6261,32.1183,11.5542,FOLLOW,-29.6918,39.8403,11.6928,FOLLOW,-35.4614,47.5730,10.8161,FOLLOW,-38.9419,48.3594,11.1869,FOLLOW,-39.1116,43.7040,11.2906,FOLLOW,-42.5468,49.1203,11.4810,FOLLOW,-21.1892,16.7490,10.4487,FOLLOW,-23.1620,18.6096,13.6748,FOLLOW,-22.4103,17.0071,12.3482,FOLLOW,-37.2835,34.1977,11.2747,FOLLOW,-38.2280,38.5573,11.3554,FOLLOW
25.500,-4.3771,16.2256,11.3113,FOLLOW,1.8145,19.8579,12.5242,FOLLOW,-1.4551,15.7116,11.4623,FOLLOW,7.2086,27.1972,11.5697,FOLLOW,1.6076,15.7149,11.4587,FOLLOW,6.5056,35.2394,13.6088,FOLLOW,10.8079,32.8915,14.0375,FOLLOW,9.8936,28.7420,12.4209,FOLLOW,13.0513,33.8570,14.7026,FOLLOW,13.5679,44.1532,15.3777,FOLLOW,10.6486,43.3161,14.8806,FOLLOW,-4.3119,17.1844,13.5229,FOLLOW,-1.3005,19.8461,12.5306,FOLLOW,1.0556,29.7676,12.7455,FOLLOW,1.5601,26.0744,12.1763,FOLLOW,7.2157,31.1644,13.5762,FOLLOW,2.5108,31.7849,13.5435,FOLLOW,8.5987,39.2807,14.9559,FOLLOW,0.0968,52.1600,13.3787,FOLLOW,-0.7689,63.1460,12.4091,FOLLOW,-7.7113,16.2105,11.3189,FOLLOW,-4.2221,18.7402,15.2436,FOLLOW,-3.7723,26.3138,13.9648,FOLLOW,-5.2086,31.9420,13.5924,FOLLOW,-1.1586,33.7468,13.0390,FOLLOW,3.2383,37.7522,14.4018,FOLLOW,-1.8120,37.6807,13.3356,FOLLOW,3.6356,42.3308,14.3531,FOLLOW,-2.9529,48.1258,13.2185,FOLLOW,0.1191,58.5641,13.1233,FOLLOW,-10.6276,15.7254,11.4583,FOLLOW,-7.7583,17.5904,13.3712,FOLLOW,-7.8436,20.4430,14.5094,FOLLOW,-8.1463,29.6592,12.8458,FOLLOW,-4.8698,37.0797,13.4873,FOLLOW,-3.3050,41.3598,13.6337,FOLLOW,-8.5422,51.7482,12.5502,FOLLOW,-8.6290,63.0429,12.4431,FOLLOW,-8.6275,57.9829,12.3985,FOLLOW,-5.6154,48.7323,14.0376,FOLLOW,-13.7607,15.7296,11.4541,FOLLOW,-14.4806,20.4778,14.4681,FOLLOW,-12.9421,26.6701,13.7631,FOLLOW,-10.8907,25.5216,12.5049,FOLLOW,-9.8100,34.9378,12.8000,FOLLOW,-15.0824,35.9445,13.7037,FOLLOW,-15.5803,41.6009,13.4811,FOLLOW,-8.3527,41.3531,13.6407,FOLLOW,-16.9394,53.5721,12.1527,FOLLOW,-14.5998,63.1885,12.3999,FOLLOW,-14.0592,16.4258,13.7948,FOLLOW,-11.6573,17.7767,13.2339,FOLLOW,-18.6810,27.4705,13.2332,FOLLOW,-16.1390,30.5000,14.0240,FOLLOW,-22.0070,31.1136,13.6297,FOLLOW,-21.0217,37.1527,13.2122,FOLLOW,-21.2389,40.7424,13.5308,FOLLOW,-19.5766,48.4727,13.0573,FOLLOW,-22.1303,54.1099,12.8827,FOLLOW,-16.0256,58.5573,12.2596,FOLLOW,-17.6548,17.3288,13.3938,FOLLOW,-18.2977,19.1318,14.9401,FOLLOW,-19.7878,21.4974,15.7214,FOLLOW,-27.4328,32.3894,14.3590,FOLLOW,-24.1422,35.1726,13.6757,FOLLOW,-25.2837,42.7128,14.0801,FOLLOW,-27.3572,39.4314,13.5698,FOLLOW,-28.2130,43.7647,14.6090,FOLLOW,-24.1008,59.0372,12.8614,FOLLOW,-26.6161,63.2858,12.2641,FOLLOW,-17.6035,16.3270,11.1950,FOLLOW,-22.9775,20.3665,16.1606,FOLLOW,-24.0825,23.3987,16.3796,FOLLOW,-24.6258,18.3249,17.2567,FOLLOW,-28.0699,28.2178,14.4039,FOLLOW,-28.1556,35.9533,14.5709,FOLLOW,-33.6100,43.6670,13.4754,FOLLOW,-36.8495,44.6470,13.9361,FOLLOW,-37.0407,39.9993,14.0662,FOLLOW,-40.2452,45.5947,14.3014,FOLLOW,-20.5590,15.9380,11.3018,FOLLOW,-21.7495,17.0608,15.6278,FOLLOW,-21.2959,16.0937,13.6377,FOLLOW,-34.7604,30.7923,14.0489,FOLLOW,-35.9387,35.0009,14.1482,FOLLOW
26.000,-4.4655,15.6192,11.8227,FOLLOW,1.6500,17.8103,13.7446,FOLLOW,-1.5126,15.3092,11.9137,COMPLED,5.3059,23.0856,13.8726,FOLLOW,1.5253,15.3112,11.9116,COMPLED,4.9433,31.2276,16.3055,FOLLOW,8.8781,29.1102,16.8194,FOLLOW,7.6120,24.9366,14.8866,FOLLOW,10.9181,30.2941,17.6131,FOLLOW,12.0410,40.3868,18.4175,FOLLOW,9.3954,39.3710,17.8234,FOLLOW,-4.4262,16.1976,14.3471,FOLLOW,-1.4194,17.8032,13.7485,FOLLOW,0.2951,25.4239,15.2812,FOLLOW,0.3981,21.8841,14.5384,FOLLOW,5.7936,27.0986,16.2719,FOLLOW,1.5107,27.5884,16.2333,FOLLOW,7.4555,35.3153,17.9168,FOLLOW,-0.0965,47.8194,16.0240,FOLLOW,-1.1143,58.6996,14.8602,FOLLOW,-7.6671,15.6101,11.8272,FOLLOW,-4.3720,17.1360,16.5754,FOLLOW,-4.0698,22.1294,16.7094,FOLLOW,-5.7952,27.6729,16.2927,FOLLOW,-1.9291,29.4371,15.6276,FOLLOW,2.3860,33.6339,17.2554,FOLLOW,-2.3287,33.3664,15.9794,FOLLOW,2.8628,38.1876,17.1941,FOLLOW,-3.1643,43.7674,15.8336,FOLLOW,-0.0493,54.1905,15.7166,FOLLOW,-10.6166,15.3175,11.9113,COMPLED,-7.6955,16.4424,14.2555,FOLLOW,-7.7470,18.1632,16.1325,FOLLOW,-7.9868,25.2632,15.4024,FOLLOW,-5.3872,32.7848,16.1616,FOLLOW,-3.5111,37.0548,16.3341,FOLLOW,-8.4311,47.3072,15.0324,FOLLOW,-8.5359,58.5879,14.9013,FOLLOW,-8.5235,53.5238,14.8490,FOLLOW,-5.4905,44.4737,16.8138,FOLLOW,-13.6969,15.3200,11.9088,COMPLED,-14.1312,18.1842,16.1076,FOLLOW,-12.1257,22.4854,16.4947,FOLLOW,-10.7797,21.3843,14.8328,FOLLOW,-9.9801,30.5328,15.3409,FOLLOW,-14.2059,31.7378,16.4211,FOLLOW,-14.8036,37.3432,16.1508,FOLLOW,-8.2328,37.0456,16.3424,FOLLOW,-16.2291,49.1432,14.5556,FOLLOW,-14.2396,58.7425,14.8494,FOLLOW,-13.8770,15.7400,14.5111,FOLLOW,-11.2378,16.5549,14.1727,FOLLOW,-17.0820,23.4302,15.8663,FOLLOW,-15.4698,26.3012,16.8113,FOLLOW,-20.6730,27.0248,16.3364,FOLLOW,-19.6710,33.0108,15.8306,FOLLOW,-20.0399,36.5926,16.2099,FOLLOW,-18.8251,44.1560,15.6402,FOLLOW,-21.2144,49.8035,15.4292,FOLLOW,-15.4855,54.1149,14.6824,FOLLOW,-17.2363,16.2847,14.2692,FOLLOW,-17.6241,17.3723,16.3923,FOLLOW,-18.5229,18.7992,18.0539,FOLLOW,-25.7485,28.5382,17.2062,FOLLOW,-22.6738,31.1342,16.3866,FOLLOW,-24.0442,38.6484,16.8663,FOLLOW,-25.6605,35.4686,16.2559,FOLLOW,-26.6874,39.8777,17.4979,FOLLOW,-23.1030,54.7460,15.4022,FOLLOW,-25.7285,58.9008,14.6865,FOLLOW,-17.2054,15.6804,11.7525,FOLLOW,-21.6374,18.1170,18.3189,FOLLOW,-22.3932,20.1151,19.4775,FOLLOW,-23.8220,16.8855,18.9086,FOLLOW,-26.5067,24.3259,17.2662,FOLLOW,-26.6151,32.0701,17.4571,FOLLOW,-31.7549,39.7627,16.1403,FOLLOW,-34.7533,40.9365,16.6902,FOLLOW,-34.9653,36.2978,16.8476,FOLLOW,-37.9400,42.0712,17.1262,FOLLOW,-20.1785,15.4457,11.8169,FOLLOW,-20.8966,16.1230,16.8071,FOLLOW,-20.6230,15.5397,14.4163,FOLLOW,-32.2303,27.3950,16.8310,FOLLOW,-33.6438,31.4498,16.9477,FOLLOW
26.500,-4.5205,15.2452,12.1403,COMPLED,1.5479,16.5410,14.5027,FOLLOW,-1.5483,15.0618,12.1941,COMPLED,3.7111,19.6632,15.8028,FOLLOW,1.4741,15.0630,12.1929,COMPLED,3.3124,27.0692,19.1207,FOLLOW,6.8634,25.1944,19.7239,FOLLOW,5.2810,21.0895,17.4057,FOLLOW,8.6926,26.6051,20.6497,FOLLOW,10.4495,36.4807,21.5855,FOLLOW,8.0890,35.2790,20.8915,FOLLOW,-4.4972,15.5872,14.8590,FOLLOW,-1.4932,16.5368,14.5050,FOLLOW,-0.4482,21.2159,17.7595,FOLLOW,-0.4184,18.9502,16.1980,FOLLOW,4.3067,22.8874,19.0903,FOLLOW,0.4650,23.2396,19.0461,FOLLOW,6.2630,31.2033,21.0052,FOLLOW,-0.2979,43.3132,18.7811,FOLLOW,-1.4741,54.0821,17.4137,FOLLOW,-7.6397,15.2398,12.1430,COMPLED,-4.4652,16.1422,17.4027,FOLLOW,-4.2865,19.0952,18.7077,FOLLOW,-6.4088,23.2479,19.1167,FOLLOW,-2.7345,24.9680,18.3332,FOLLOW,1.4964,29.3630,20.2335,FOLLOW,-2.8683,28.8907,18.7398,FOLLOW,2.0567,33.8891,20.1572,FOLLOW,-3.3846,39.2430,18.5602,FOLLOW,-0.2247,49.6491,18.4187,FOLLOW,-10.6098,15.0667,12.1927,COMPLED,-7.6565,15.7320,14.8049,FOLLOW,-7.6869,16.7497,17.1407,FOLLOW,-7.8336,21.0777,17.8575,FOLLOW,-5.9274,28.3296,18.9541,FOLLOW,-3.7262,32.5876,19.1516,FOLLOW,-8.3153,42.6962,17.6199,FOLLOW,-8.4388,53.9612,17.4622,FOLLOW,-8.4151,48.8933,17.4026,FOLLOW,-5.3602,40.0535,19.7080,FOLLOW,-13.6573,15.0682,12.1912,COMPLED,-13.9141,16.7621,17.1260,FOLLOW,-11.5023,19.3058,18.5808,FOLLOW,-10.7063,18.6546,16.3721,FOLLOW,-10.1579,25.9634,17.9962,FOLLOW,-13.2906,27.3755,19.2587,FOLLOW,-13.9933,32.9253,18.9359,FOLLOW,-8.1077,32.5756,19.1612,FOLLOW,-15.4889,44.5446,17.0602,FOLLOW,-13.8643,54.1253,17.4013,FOLLOW,-13.7638,15.3166,14.9560,COMPLED,-10.9772,15.7985,14.7559,FOLLOW,-15.6680,19.8862,18.1946,FOLLOW,-14.7797,22.0119,19.6860,FOLLOW,-19.2780,22.7895,19.1665,FOLLOW,-18.2612,28.7156,18.5636,FOLLOW,-18.7892,32.2877,19.0048,FOLLOW,-18.0417,39.6751,18.3331,FOLLOW,-20.2599,45.3327,18.0830,FOLLOW,-14.9228,49.5018,17.2070,FOLLOW,-16.9763,15.6387,14.8130,FOLLOW,-17.2056,16.2819,17.2944,FOLLOW,-17.7372,17.1258,19.5029,FOLLOW,-23.9894,24.5500,20.1799,FOLLOW,-21.1407,26.9482,19.2170,FOLLOW,-22.7516,34.4320,19.7718,FOLLOW,-23.8908,31.3593,19.0577,FOLLOW,-25.0971,35.8460,20.5094,FOLLOW,-22.0634,50.2906,18.0493,FOLLOW,-24.8039,54.3471,17.2099,FOLLOW,-16.9580,15.2813,12.0988,COMPLED,-20.8049,16.7224,19.6596,FOLLOW,-21.2519,17.9040,21.5706,FOLLOW,-23.3227,15.9941,19.9348,FOLLOW,-24.9766,20.5535,20.0682,FOLLOW,-25.0076,28.0457,20.4688,FOLLOW,-29.8209,35.7131,18.9182,FOLLOW,-32.5689,37.0886,19.5603,FOLLOW,-32.8017,32.4608,19.7474,FOLLOW,-35.5384,38.4179,20.0691,FOLLOW,-19.9421,15.1426,12.1369,COMPLED,-20.3668,15.5431,17.5397,FOLLOW,-20.2050,15.1981,14.9000,COMPLED,-29.5897,23.8818,19.7345,FOLLOW,-31.2502,27.7723,19.8677,FOLLOW
27.000,-4.5520,15.0305,12.3226,COMPLED,1.4892,15.8125,14.9378,FOLLOW,-1.5688,14.9198,12.3551,COMPLED,2.7947,17.6966,16.9120,FOLLOW,1.4447,14.9206,12.3543,COMPLED,1.7361,23.0835,21.8415,FOLLOW,4.9312,21.4745,22.5094,FOLLOW,3.7421,18.5573,19.0689,FOLLOW,6.5439,23.0737,23.5815,FOLLOW,8.9154,32.7328,24.6393,FOLLOW,6.8292,31.3521,23.8501,FOLLOW,-4.5380,15.2369,15.1528,COMPLED,-1.5355,15.8099,14.9392,FOLLOW,-0.9049,18.6336,19.2824,FOLLOW,-0.8869,17.2664,17.1505,FOLLOW,3.1546,19.6436,21.2742,FOLLOW,-0.3532,19.8575,21.2467,FOLLOW,5.1122,27.2592,23.9858,FOLLOW,-0.4921,38.9844,21.4390,FOLLOW,-1.8207,49.6449,19.8737,FOLLOW,-7.6240,15.0272,12.3242,COMPLED,-4.5186,15.5718,17.8774,COMPLED,-4.4108,17.3539,19.8546,FOLLOW,-6.8810,19.8605,21.2906,FOLLOW,-3.4521,21.0175,20.7437,FOLLOW,0.6373,25.2664,23.1099,FOLLOW,-3.3897,24.5960,21.4075,FOLLOW,1.2791,29.7634,23.0161,FOLLOW,-3.5971,34.8976,21.1898,FOLLOW,-0.3938,45.2857,21.0223,FOLLOW,-10.6059,14.9228,12.3542,COMPLED,-7.6341,15.3243,15.1202,COMPLED,-7.6525,15.9384,17.7194,FOLLOW,-7.7409,18.5502,19.3415,FOLLOW,-6.4496,24.0553,21.6535,FOLLOW,-3.9338,28.2993,21.8717,FOLLOW,-8.2036,38.2664,20.1147,FOLLOW,-8.3453,49.5152,19.9295,FOLLOW,-8.3106,44.4440,19.8635,FOLLOW,-5.2347,35.8084,22.4985,FOLLOW,-13.6346,14.9237,12.3533,COMPLED,-13.7896,15.9459,17.7105,FOLLOW,-11.1445,17.4810,19.7780,FOLLOW,-10.6641,17.0880,17.2555,FOLLOW,-10.3230,21.7536,20.4623,FOLLOW,-12.4057,23.1920,22.0020,FOLLOW,-13.2112,28.6846,21.6243,FOLLOW,-7.9869,28.2847,21.8825,FOLLOW,-14.7752,40.1266,19.4745,FOLLOW,-13.5028,49.6884,19.8598,FOLLOW,-13.6989,15.0736,15.2114,COMPLED,-10.8276,15.3644,15.0906,COMPLED,-14.8480,17.8312,19.5450,FOLLOW,-14.3119,19.1140,21.6346,FOLLOW,-18.2161,19.5832,21.3211,FOLLOW,-16.8992,24.5960,21.2041,FOLLOW,-17.5819,28.1564,21.7023,FOLLOW,-17.2862,35.3715,20.9299,FOLLOW,-19.3400,41.0379,20.6407,FOLLOW,-14.3805,45.0692,19.6397,FOLLOW,-16.8271,15.2680,15.1251,COMPLED,-16.9655,15.6561,17.8121,FOLLOW,-17.2863,16.1654,20.3345,FOLLOW,-22.3535,20.8753,22.9453,FOLLOW,-19.6590,22.9359,21.9526,FOLLOW,-21.5048,30.3855,22.5745,FOLLOW,-22.1829,27.4177,21.7615,FOLLOW,-23.5638,31.9772,23.4130,FOLLOW,-21.0618,46.0101,20.5997,FOLLOW,-23.9132,49.9715,19.6409,FOLLOW,-16.8160,15.0523,12.2975,COMPLED,-20.3271,15.9219,20.4290,FOLLOW,-20.5969,16.6350,22.7719,FOLLOW,-23.0361,15.4824,20.5237,FOLLOW,-24.0342,18.2339,21.7938,FOLLOW,-23.4551,24.1887,23.3774,FOLLOW,-27.9563,31.8271,21.5967,FOLLOW,-30.4636,33.3967,22.3264,FOLLOW,-30.7151,28.7813,22.5439,FOLLOW,-33.2246,34.9129,22.9045,FOLLOW,-19.8065,14.9686,12.3205,COMPLED,-20.0628,15.2103,17.9602,COMPLED,-19.9651,15.0021,15.1776,COMPLED,-27.0752,20.5719,22.4992,FOLLOW,-28.9401,24.2505,22.6858,FOLLOW
27.500,-4.5710,14.9010,12.4326,COMPLED,1.4539,15.3728,15.2004,COMPLED,-1.5812,14.8342,12.4522,COMPLED,2.2416,16.5099,17.5814,FOLLOW,1.4270,14.8346,12.4517,COMPLED,0.4173,19.7707,24.1179,FOLLOW,3.5309,18.7897,24.5280,FOLLOW,2.8134,17.0293,20.0726,FOLLOW,4.5620,19.8465,26.2857,FOLLOW,7.3769,28.9943,27.7021,FOLLOW,5.5649,27.4348,26.8191,FOLLOW,-4.5626,15.0255,15.3302,COMPLED,-1.5611,15.3713,15.2012,COMPLED,-1.1806,17.0753,20.2014,FOLLOW,-1.1697,16.2502,17.7253,FOLLOW,2.4588,17.6848,22.5930,FOLLOW,-0.8476,17.8139,22.5764,FOLLOW,3.9559,23.3279,26.9806,FOLLOW,-0.6869,34.6606,24.1046,FOLLOW,-2.1680,45.2107,22.3390,FOLLOW,-7.6145,14.8990,12.4336,COMPLED,-4.5509,15.2276,18.1640,COMPLED,-4.4858,16.3030,20.5467,FOLLOW,-7.1661,17.8157,22.6029,FOLLOW,-3.9073,18.5139,22.2728,FOLLOW,-0.1952,21.3310,25.8968,FOLLOW,-3.8604,20.7475,23.8157,FOLLOW,0.4980,25.6471,25.8874,FOLLOW,-3.8104,30.5580,23.8287,FOLLOW,-0.5632,40.9261,23.6320,FOLLOW,-10.6036,14.8360,12.4517,COMPLED,-7.6206,15.0783,15.3104,COMPLED,-7.6316,15.4489,18.0686,COMPLED,-7.6851,17.0250,20.2371,FOLLOW,-6.9020,20.3772,23.9919,FOLLOW,-4.1425,24.0203,24.6060,FOLLOW,-8.0916,33.8412,22.6174,FOLLOW,-8.2517,45.0723,22.4020,FOLLOW,-8.2058,39.9982,22.3306,FOLLOW,-5.1087,31.5694,25.2980,FOLLOW,-13.6209,14.8365,12.4511,COMPLED,-13.7144,15.4534,18.0632,COMPLED,-10.9286,16.3797,20.5005,FOLLOW,-10.6387,16.1426,17.7887,FOLLOW,-10.4328,18.9581,22.1031,FOLLOW,-11.6900,19.8278,24.2207,FOLLOW,-12.4253,24.4533,24.3259,FOLLOW,-7.8655,24.0031,24.6181,FOLLOW,-14.0595,35.7128,21.8958,FOLLOW,-13.1405,45.2546,22.3236,FOLLOW,-13.6597,14.9270,15.3655,COMPLED,-10.7374,15.1025,15.2926,COMPLED,-14.3531,16.5911,20.3599,FOLLOW,-14.0296,17.3652,22.8105,FOLLOW,-17.5753,17.6484,22.6213,FOLLOW,-15.6328,20.7961,23.6592,FOLLOW,-16.3688,24.0359,24.4130,FOLLOW,-16.5281,31.0739,23.5355,FOLLOW,-18.4177,36.7478,23.2051,FOLLOW,-13.8369,40.6402,22.0785,FOLLOW,-16.7370,15.0443,15.3134,COMPLED,-16.8206,15.2785,18.1245,COMPLED,-17.0141,15.5858,20.8363,FOLLOW,-21.2617,18.4281,24.7910,FOLLOW,-18.4473,19.6752,24.1895,FOLLOW,-20.2530,26.3485,25.3884,FOLLOW,-20.4670,23.4886,24.4780,FOLLOW,-22.0254,28.1179,26.3262,FOLLOW,-20.0580,41.7336,23.1557,FOLLOW,-23.0207,45.5991,22.0768,FOLLOW,-16.7304,14.9141,12.4175,COMPLED,-20.0388,15.4389,20.8934,COMPLED,-20.2016,15.8692,23.4968,FOLLOW,-22.8632,15.1737,20.8791,COMPLED,-23.4655,16.8341,22.8352,FOLLOW,-21.9892,20.5786,26.1238,FOLLOW,-26.0853,27.9505,24.2842,FOLLOW,-28.3525,29.7140,25.1002,FOLLOW,-28.6209,25.1144,25.3506,FOLLOW,-30.9055,31.4168,25.7463,FOLLOW,-19.7246,14.8636,12.4313,COMPLED,-19.8793,15.0095,18.2139,COMPLED,-19.8203,14.8838,15.3451,COMPLED,-25.3007,18.2450,24.4505,FOLLOW,-26.6544,20.8008,25.4740,FOLLOW
28.000,-4.5825,14.8228,12.4990,COMPLED,1.4325,15.1075,15.3589,COMPLED,-1.5886,14.7825,12.5108,COMPLED,1.9079,15.7937,17.9853,FOLLOW,1.4163,14.7827,12.5105,COMPLED,-0.3826,17.7615,25.4987,FOLLOW,2.6859,17.1695,25.7462,FOLLOW,2.2529,16.1071,20.6783,FOLLOW,3.3081,17.8072,27.9965,FOLLOW,5.8326,25.2680,30.7763,FOLLOW,4.2947,23.5302,29.8020,FOLLOW,-4.5774,14.8979,15.4372,COMPLED,-1.5765,15.1066,15.3594,COMPLED,-1.3469,16.1349,20.7560,FOLLOW,-1.3403,15.6370,18.0721,COMPLED,2.0390,16.5027,23.3888,FOLLOW,-1.1460,16.5806,23.3788,FOLLOW,2.9514,19.9377,29.5821,FOLLOW,-0.8824,30.3429,26.7797,FOLLOW,-2.5162,40.7800,24.8104,FOLLOW,-7.6087,14.8216,12.4996,COMPLED,-4.5704,15.0199,18.3369,COMPLED,-4.5311,15.6689,20.9644,COMPLED,-7.3382,16.5817,23.3948,FOLLOW,-4.1820,17.0031,23.1956,FOLLOW,-0.7522,18.7031,27.7618,FOLLOW,-4.1536,18.3509,25.3163,FOLLOW,-0.2692,21.6388,28.7076,FOLLOW,-4.0246,26.2259,26.4798,FOLLOW,-0.7331,36.5709,26.2489,FOLLOW,-10.6022,14.7836,12.5105,COMPLED,-7.6124,14.9298,15.4253,COMPLED,-7.6191,15.1534,18.2793,COMPLED,-7.6513,16.1046,20.7775,FOLLOW,-7.1788,18.1275,25.4227,FOLLOW,-4.3225,20.3532,26.9649,FOLLOW,-7.9791,29.4216,25.1299,FOLLOW,-8.1577,40.6328,24.8806,FOLLOW,-8.1008,35.5566,24.8050,FOLLOW,-4.9821,27.3383,28.1090,FOLLOW,-13.6126,14.7839,12.5102,COMPLED,-13.6690,15.1561,18.2761,COMPLED,-10.7983,15.7152,20.9365,FOLLOW,-10.6234,15.5721,18.1104,COMPLED,-10.4991,17.2711,23.0932,FOLLOW,-11.2578,17.7959,25.5607,FOLLOW,-11.7155,20.6608,26.7655,FOLLOW,-7.7610,20.3414,26.9732,FOLLOW,-13.3413,31.3043,24.3257,FOLLOW,-12.7773,40.8242,24.7933,FOLLOW,-13.6360,14.8385,15.4585,COMPLED,-10.6829,14.9444,15.4145,COMPLED,-14.0545,15.8427,20.8516,FOLLOW,-13.8593,16.3099,23.5201,FOLLOW,-17.1885,16.4807,23.4059,FOLLOW,-14.8267,18.3803,25.2219,FOLLOW,-15.2876,20.3906,26.8290,FOLLOW,-15.7668,26.7839,26.1524,FOLLOW,-17.4924,32.4634,25.7777,FOLLOW,-13.2917,36.2153,24.5242,FOLLOW,-16.6827,14.9093,15.4270,COMPLED,-16.7331,15.0506,18.3131,COMPLED,-16.8499,15.2361,21.1391,COMPLED,-20.6028,16.9513,25.9049,FOLLOW,-17.7148,17.7039,25.5419,FOLLOW,-18.9966,22.3314,28.2126,FOLLOW,-18.9528,20.0477,26.8752,FOLLOW,-20.4805,24.2709,29.2517,FOLLOW,-19.0516,37.4617,25.7182,FOLLOW,-22.1260,41.2304,24.5184,FOLLOW,-16.6787,14.8307,12.4899,COMPLED,-19.8648,15.1474,21.1736,COMPLED,-19.9630,15.4071,23.9343,COMPLED,-22.7588,14.9874,21.0936,COMPLED,-23.1223,15.9894,23.4636,FOLLOW,-21.0418,18.2490,27.8988,FOLLOW,-24.2062,24.0864,26.9834,FOLLOW,-26.2341,26.0429,27.8835,FOLLOW,-26.5243,21.4782,28.1605,FOLLOW,-28.5800,27.9318,28.5959,FOLLOW,-19.6752,14.8002,12.4982,COMPLED,-19.7685,14.8883,18.3670,COMPLED,-19.7330,14.8124,15.4462,COMPLED,-24.2297,16.8408,25.6280,FOLLOW,-25.0467,18.3831,27.4353,FOLLOW
28.500,-4.5897,14.7742,12.5403,COMPLED,1.4192,14.9426,15.4574,COMPLED,-1.5933,14.7503,12.5473,COMPLED,1.7004,15.3484,18.2365,COMPLED,1.4096,14.7505,12.5471,COMPLED,-0.8800,16.5121,26.3573,FOLLOW,2.1605,16.1620,26.5037,FOLLOW,1.9044,15.5337,21.0549,COMPLED,2.5285,16.5392,29.0603,FOLLOW,4.2291,21.4357,33.9683,FOLLOW,3.1288,19.9739,32.5401,FOLLOW,-4.5866,14.8186,15.5037,COMPLED,-1.5861,14.9420,15.4577,COMPLED,-1.4503,15.5502,21.1009,COMPLED,-1.4464,15.2557,18.2878,COMPLED,1.7779,15.7677,23.8837,FOLLOW,-1.3315,15.8137,23.8778,FOLLOW,2.3175,17.7991,31.2239,FOLLOW,-1.0867,25.8608,29.5750,FOLLOW,-2.8794,36.1765,27.3880,FOLLOW,-7.6052,14.7735,12.5406,COMPLED,-4.5825,14.8908,18.4444,COMPLED,-4.5593,15.2745,21.2241,COMPLED,-7.4452,15.8144,23.8873,FOLLOW,-4.3528,16.0636,23.7695,FOLLOW,-1.0986,17.0690,28.9215,FOLLOW,-4.3360,16.8607,26.2494,FOLLOW,-0.8129,18.8052,30.7066,FOLLOW,-4.2423,21.8592,29.1742,FOLLOW,-0.9104,32.0472,28.9797,FOLLOW,-10.6013,14.7510,12.5471,COMPLED,-7.6073,14.8374,15.4967,COMPLED,-7.6113,14.9697,18.4104,COMPLED,-7.6304,15.5322,21.1136,COMPLED,-7.3509,16.7286,26.3123,FOLLOW,-4.4359,18.0448,28.4502,FOLLOW,-7.8615,24.8334,27.7566,FOLLOW,-8.0598,36.0201,27.4660,FOLLOW,-7.9911,30.9427,27.3880,FOLLOW,-4.8498,22.9494,31.0487,FOLLOW,-13.6075,14.7512,12.5469,COMPLED,-13.6408,14.9713,18.4084,COMPLED,-10.7173,15.3019,21.2076,COMPLED,-10.6138,15.2173,18.3105,COMPLED,-10.5403,16.2221,23.7089,FOLLOW,-10.9890,16.5325,26.3940,FOLLOW,-11.2597,18.2267,28.3323,FOLLOW,-7.6952,18.0378,28.4551,FOLLOW,-12.5909,26.7266,26.8645,FOLLOW,-12.3985,36.2210,27.3694,FOLLOW,-13.6213,14.7834,15.5163,COMPLED,-10.6490,14.8461,15.4903,COMPLED,-13.8688,15.3773,21.1574,COMPLED,-13.7533,15.6536,23.9613,COMPLED,-16.9481,15.7547,23.8938,FOLLOW,-14.3255,16.8781,26.1936,FOLLOW,-14.5981,18.0669,28.3698,FOLLOW,-14.9774,22.3731,28.8656,FOLLOW,-16.5262,28.0151,28.4641,FOLLOW,-12.7227,31.6188,27.0769,FOLLOW,-16.6489,14.8253,15.4977,COMPLED,-16.6787,14.9089,18.4303,COMPLED,-16.7478,15.0186,21.3274,COMPLED,-20.1930,16.0330,26.5975,FOLLOW,-17.2593,16.4780,26.3828,FOLLOW,-18.0174,19.2147,30.4139,FOLLOW,-17.9914,17.8642,28.3972,FOLLOW,-18.9637,20.5277,32.1239,FOLLOW,-18.0018,33.0249,28.3916,FOLLOW,-21.1930,36.6915,27.0648,FOLLOW,-16.6465,14.7789,12.5349,COMPLED,-19.7566,14.9662,21.3478,COMPLED,-19.8147,15.1197,24.2063,COMPLED,-22.6939,14.8715,21.2270,COMPLED,-22.9089,15.4641,23.8544,COMPLED,-20.4527,16.8004,29.0025,FOLLOW,-22.3889,20.3816,29.5940,FOLLOW,-24.0207,22.2418,30.7917,FOLLOW,-24.9208,18.7102,30.3096,FOLLOW,-26.1529,24.3222,31.5701,FOLLOW,-19.6445,14.7608,12.5398,COMPLED,-19.6997,14.8129,18.4622,COMPLED,-19.6786,14.7680,15.5090,COMPLED,-23.5638,15.9676,26.3602,FOLLOW,-24.0470,16.8797,28.6548,FOLLOW
29.000,-4.5938,14.7463,12.5640,COMPLED,1.4116,14.8479,15.5139,COMPLED,-1.5959,14.7319,12.5682,COMPLED,1.5813,15.0928,18.3806,COMPLED,1.4058,14.7320,12.5681,COMPLED,-1.1655,15.7950,26.8501,FOLLOW,1.8589,15.5838,26.9384,FOLLOW,1.7044,15.2046,21.2711,COMPLED,2.0810,15.8114,29.6709,FOLLOW,3.1072,18.7663,36.2015,FOLLOW,2.4433,17.8841,34.1500,FOLLOW,-4.5919,14.7731,15.5419,COMPLED,-1.5916,14.8476,15.5141,COMPLED,-1.5097,15.2146,21.2988,COMPLED,-1.5073,15.0369,18.4116,COMPLED,1.6280,15.3458,24.1678,COMPLED,-1.4380,15.3736,24.1642,COMPLED,1.9537,16.5717,32.1661,FOLLOW,-1.2773,21.7113,32.1843,FOLLOW,-3.2298,31.7551,29.8754,FOLLOW,-7.6031,14.7458,12.5642,COMPLED,-4.5894,14.8166,18.5061,COMPLED,-4.5754,15.0482,21.3732,COMPLED,-7.5066,15.3740,24.1699,COMPLED,-4.4508,15.5244,24.0988,COMPLED,-1.2974,16.1311,29.5871,FOLLOW,-4.4407,16.0054,26.7850,FOLLOW,-1.1250,17.1788,31.8540,FOLLOW,-4.3842,19.0218,30.9292,FOLLOW,-1.0817,27.7044,31.6167,FOLLOW,-10.6008,14.7323,12.5681,COMPLED,-7.6044,14.7844,15.5376,COMPLED,-7.6068,14.8643,18.4856,COMPLED,-7.6183,15.2037,21.3065,COMPLED,-7.4497,15.9257,26.8229,FOLLOW,-4.5010,16.7200,29.3027,FOLLOW,-7.7597,20.8891,30.0311,FOLLOW,-7.9652,31.5900,29.9609,FOLLOW,-7.8852,26.5131,29.8833,FOLLOW,-4.7508,19.6797,33.2500,FOLLOW,-13.6045,14.7324,12.5679,COMPLED,-13.6246,14.8652,18.4844,COMPLED,-10.6708,15.0647,21.3632,COMPLED,-10.6083,15.0137,18.4253,COMPLED,-10.5640,15.6200,24.0622,COMPLED,-10.8348,15.8074,26.8722,FOLLOW,-10.9981,16.8298,29.2315,FOLLOW,-7.6574,16.7158,29.3057,FOLLOW,-11.8752,22.3963,29.2858,FOLLOW,-12.0330,31.8000,29.8551,FOLLOW,-13.6129,14.7519,15.5495,COMPLED,-10.6296,14.7897,15.5338,COMPLED,-13.7622,15.1103,21.3329,COMPLED,-13.6925,15.2770,24.2146,COMPLED,-16.8100,15.3380,24.1739,COMPLED,-14.0378,16.0159,26.7513,FOLLOW,-14.2023,16.7333,29.2542,FOLLOW,-14.4312,19.3319,30.7429,FOLLOW,-15.5922,23.7477,31.0611,FOLLOW,-12.1732,27.2057,29.5424,FOLLOW,-16.6295,14.7771,15.5383,COMPLED,-16.6475,14.8276,18.4976,COMPLED,-16.6892,14.8938,21.4355,COMPLED,-19.9579,15.5059,26.9950,COMPLED,-16.9979,15.7745,26.8655,FOLLOW,-17.4553,17.4260,31.6773,FOLLOW,-17.4397,16.6110,29.2707,FOLLOW,-18.0264,18.2183,33.8988,FOLLOW,-16.9884,28.7657,30.9721,FOLLOW,-20.2929,32.3326,29.5215,FOLLOW,-16.6281,14.7491,12.5607,COMPLED,-19.6945,14.8621,21.4478,COMPLED,-19.7296,14.9548,24.3624,COMPLED,-22.6567,14.8050,21.3035,COMPLED,-22.7864,15.1626,24.0787,COMPLED,-20.1146,15.9690,29.6360,FOLLOW,-21.2830,18.1301,31.1825,FOLLOW,-22.2704,19.2572,33.0914,FOLLOW,-24.0005,17.1215,31.5430,FOLLOW,-23.8284,20.9008,34.4186,FOLLOW,-19.6268,14.7382,12.5637,COMPLED,-19.6601,14.7696,18.5168,COMPLED,-19.6475,14.7426,15.5451,COMPLED,-23.1816,15.4665,26.7805,FOLLOW,-23.4732,16.0169,29.3548,FOLLOW
29.500,-4.5962,14.7294,12.5782,COMPLED,1.4070,14.7908,15.5481,COMPLED,-1.5976,14.7208,12.5808,COMPLED,1.5094,14.9385,18.4676,COMPLED,1.4035,14.7208,12.5807,COMPLED,-1.3378,15.3623,27.1474,COMPLED,1.6770,15.2348,27.2007,COMPLED,1.5837,15.0060,21.4015,COMPLED,1.8110,15.3722,30.0393,COMPLED,2.4303,17.1554,37.5491,FOLLOW,2.0296,16.6230,35.1215,FOLLOW,-4.5951,14.7456,15.5649,COMPLED,-1.5949,14.7906,15.5482,COMPLED,-1.5455,15.0120,21.4182,COMPLED,-1.5441,14.9048,18.4863,COMPLED,1.5376,15.0912,24.3392,COMPLED,-1.5022,15.1080,24.3370,COMPLED,1.7341,15.8310,32.7347,FOLLOW,-1.4053,18.9326,33.9353,FOLLOW,-3.5818,27.3402,32.3737,FOLLOW,-7.6019,14.7292,12.5784,COMPLED,-4.5936,14.7719,18.5433,COMPLED,-4.5852,14.9116,21.4631,COMPLED,-7.5436,15.1082,24.3404,COMPLED,-4.5100,15.1990,24.2975,COMPLED,-1.4174,15.5651,29.9887,COMPLED,-4.5039,15.4893,27.1082,COMPLED,-1.3134,16.1974,32.5463,FOLLOW,-4.4697,17.3096,31.9882,FOLLOW,-1.2538,23.3709,34.2685,FOLLOW,-10.6005,14.7210,12.5807,COMPLED,-7.6027,14.7525,15.5624,COMPLED,-7.6041,14.8006,18.5309,COMPLED,-7.6111,15.0055,21.4229,COMPLED,-7.5093,15.4412,27.1311,COMPLED,-4.5402,15.9205,29.8171,FOLLOW,-7.6964,18.4364,31.4463,FOLLOW,-7.8703,27.1662,32.4669,FOLLOW,-7.7810,22.1925,32.3368,FOLLOW,-4.6910,17.7066,34.5784,FOLLOW,-13.6027,14.7211,12.5807,COMPLED,-13.6149,14.8012,18.5302,COMPLED,-10.6427,14.9216,21.4571,COMPLED,-10.6050,14.8908,18.4946,COMPLED,-10.5783,15.2567,24.2755,COMPLED,-10.7417,15.3698,27.1608,COMPLED,-10.8403,15.9868,29.7742,FOLLOW,-7.6347,15.9180,29.8189,FOLLOW,-11.3695,19.3460,30.9966,FOLLOW,-11.6659,27.3855,32.3517,FOLLOW,-13.6078,14.7328,15.5695,COMPLED,-10.6179,14.7556,15.5601,COMPLED,-13.6979,14.9491,21.4388,COMPLED,-13.6558,15.0497,24.3674,COMPLED,-16.7268,15.0865,24.3428,COMPLED,-13.8642,15.4956,27.0878,COMPLED,-13.9635,15.9286,29.7878,FOLLOW,-14.1016,17.4967,31.8759,FOLLOW,-14.8052,20.1749,33.2491,FOLLOW,-11.6229,22.8223,32.0109,FOLLOW,-16.6178,14.7481,15.5628,COMPLED,-16.6287,14.7785,18.5382,COMPLED,-16.6538,14.8184,21.5007,COMPLED,-19.8160,15.1878,27.2349,COMPLED,-16.8401,15.3499,27.1567,COMPLED,-17.1162,16.3465,32.4397,FOLLOW,-17.1067,15.8547,29.7978,FOLLOW,-17.4608,16.8247,34.9699,FOLLOW,-15.9699,24.5159,33.5654,FOLLOW,-19.3890,27.9803,31.9883,FOLLOW,-16.6169,14.7311,12.5763,COMPLED,-19.6570,14.7993,21.5082,COMPLED,-19.6782,14.8553,24.4566,COMPLED,-22.6342,14.7649,21.3497,COMPLED,-22.7125,14.9807,24.2140,COMPLED,-19.9105,15.4673,30.0183,COMPLED,-20.6156,16.7715,32.1411,FOLLOW,-21.2115,17.4516,34.4827,FOLLOW,-23.4452,16.1628,32.2873,FOLLOW,-22.1517,18.4435,36.4732,FOLLOW,-19.6162,14.7246,12.5781,COMPLED,-19.6363,14.7435,18.5498,COMPLED,-19.6286,14.7272,15.5669,COMPLED,-22.9510,15.1640,27.0341,COMPLED,-23.1270,15.4962,29.7772,FOLLOW
30.000,-4.5977,14.7193,12.5869,COMPLED,1.4042,14.7563,15.5687,COMPLED,-1.5985,14.7140,12.5884,COMPLED,1.4660,14.8455,18.5201,COMPLED,1.4021,14.7141,12.5884,COMPLED,-1.4418,15.1012,27.3269,COMPLED,1.5671,15.0243,27.3591,COMPLED,1.5109,14.8862,21.4802,COMPLED,1.6480,15.1071,30.2616,COMPLED,2.0217,16.1832,38.3624,FOLLOW,1.7799,15.8620,35.7078,FOLLOW,-4.5971,14.7290,15.5788,COMPLED,-1.5969,14.7562,15.5687,COMPLED,-1.5671,14.8898,21.4903,COMPLED,-1.5662,14.8251,18.5314,COMPLED,1.4830,14.9376,24.4426,COMPLED,-1.5410,14.9477,24.4413,COMPLED,1.6016,15.3840,33.0778,COMPLED,-1.4825,17.2557,34.9919,FOLLOW,-3.9349,22.9473,34.8793,FOLLOW,-7.6011,14.7191,12.5870,COMPLED,-4.5961,14.7449,18.5658,COMPLED,-4.5910,14.8292,21.5174,COMPLED,-7.5660,14.9479,24.4434,COMPLED,-4.5457,15.0026,24.4175,COMPLED,-1.4898,15.2236,30.2311,COMPLED,-4.5420,15.1778,27.3032,COMPLED,-1.4270,15.6051,32.9641,COMPLED,-4.5214,16.2763,32.6274,FOLLOW,-1.3911,19.9343,36.3825,FOLLOW,-10.6003,14.7142,12.5884,COMPLED,-7.6016,14.7332,15.5773,COMPLED,-7.6025,14.7622,18.5583,COMPLED,-7.6067,14.8859,21.4931,COMPLED,-7.5453,15.1488,27.3170,COMPLED,-4.5639,15.4380,30.1276,COMPLED,-7.6582,16.9563,32.3003,FOLLOW,-7.7753,22.7776,34.9730,FOLLOW,-7.7092,19.2230,34.0273,FOLLOW,-4.6549,16.5159,35.3800,FOLLOW,-13.6016,14.7142,12.5883,COMPLED,-13.6090,14.7626,18.5579,COMPLED,-10.6258,14.8352,21.5138,COMPLED,-10.6030,14.8167,18.5364,COMPLED,-10.5869,15.0375,24.4042,COMPLED,-10.6855,15.1057,27.3350,COMPLED,-10.7450,15.4780,30.1016,COMPLED,-7.6209,15.4365,30.1286,COMPLED,-11.0644,17.5052,32.0289,FOLLOW,-11.2974,22.9901,34.8573,FOLLOW,-13.6047,14.7213,15.5816,COMPLED,-10.6108,14.7351,15.5759,COMPLED,-13.6591,14.8518,21.5027,COMPLED,-13.6337,14.9125,24.4596,COMPLED,-16.6765,14.9347,24.4448,COMPLED,-13.7594,15.1816,27.2909,COMPLED,-13.8193,15.4429,30.1099,COMPLED,-13.9027,16.3892,32.5596,FOLLOW,-14.3273,18.0054,34.5778,FOLLOW,-11.2173,19.6030,33.8307,FOLLOW,-16.6108,14.7305,15.5775,COMPLED,-16.6173,14.7489,18.5627,COMPLED,-16.6325,14.7730,21.5401,COMPLED,-19.7303,14.9959,27.3797,COMPLED,-16.7449,15.0937,27.3325,COMPLED,-16.9115,15.6951,32.8998,FOLLOW,-16.9058,15.3983,30.1159,COMPLED,-17.1195,15.9837,35.6163,FOLLOW,-15.0489,20.7009,35.9107,FOLLOW,-18.4801,23.6371,34.4688,FOLLOW,-16.6102,14.7203,12.5857,COMPLED,-19.6344,14.7615,21.5446,COMPLED,-19.6472,14.7952,24.5135,COMPLED,-22.6207,14.7407,21.3776,COMPLED,-22.6679,14.8709,24.2957,COMPLED,-19.7874,15.1646,30.2489,COMPLED,-20.2129,15.9516,32.7196,FOLLOW,-20.5725,16.3620,35.3223,FOLLOW,-23.1100,15.5843,32.7364,FOLLOW,-21.1398,16.9606,37.7131,FOLLOW,-19.6098,14.7163,12.5868,COMPLED,-19.6219,14.7278,18.5697,COMPLED,-19.6173,14.7179,15.5800,COMPLED,-22.8118,14.9815,27.1871,COMPLED,-22.9180,15.1820,30.0321,COMPLED
30.500,-4.5987,14.7129,12.5922,COMPLED,1.4025,14.7348,15.5815,COMPLED,-1.5991,14.7099,12.5932,COMPLED,1.4390,14.7876,18.5528,COMPLED,1.4013,14.7099,12.5931,COMPLED,-1.5064,14.9388,27.4385,COMPLED,1.4988,14.8933,27.4575,COMPLED,1.4656,14.8117,21.5292,COMPLED,1.5467,14.9423,30.3999,COMPLED,1.7677,15.5787,38.8681,FOLLOW,1.6247,15.3887,36.0724,COMPLED,-4.5983,14.7187,15.5875,COMPLED,-1.5982,14.7348,15.5815,COMPLED,-1.5805,14.8138,21.5351,COMPLED,-1.5800,14.7755,18.5594,COMPLED,1.4491,14.8421,24.5069,COMPLED,-1.5651,14.8481,24.5061,COMPLED,1.5192,15.1061,33.2912,COMPLED,-1.5305,16.2130,35.6490,FOLLOW,-4.2066,19.5790,36.8082,FOLLOW,-7.6007,14.7129,12.5923,COMPLED,-4.5977,14.7281,18.5798,COMPLED,-4.5947,14.7780,21.5512,COMPLED,-7.5799,14.8481,24.5074,COMPLED,-4.5679,14.8805,24.4921,COMPLED,-1.5348,15.0112,30.3819,COMPLED,-4.5657,14.9841,27.4245,COMPLED,-1.4977,15.2368,33.2240,COMPLED,-4.5535,15.6338,33.0248,COMPLED,-1.4765,17.7971,37.6972,FOLLOW,-10.6002,14.7099,12.5931,COMPLED,-7.6010,14.7212,15.5866,COMPLED,-7.6015,14.7384,18.5754,COMPLED,-7.6039,14.8115,21.5368,COMPLED,-7.5676,14.9670,27.4327,COMPLED,-4.5787,15.1380,30.3206,COMPLED,-7.6344,16.0359,32.8314,FOLLOW,-7.7037,19.4786,36.8636,FOLLOW,-7.6646,17.3764,35.0785,FOLLOW,-4.6325,15.7755,35.8785,FOLLOW,-13.6010,14.7100,12.5931,COMPLED,-13.6053,14.7386,18.5751,COMPLED,-10.6152,14.7815,21.5490,COMPLED,-10.6018,14.7705,18.5624,COMPLED,-10.5923,14.9011,24.4842,COMPLED,-10.6506,14.9415,27.4433,COMPLED,-10.6857,15.1617,30.3053,COMPLED,-7.6124,15.1371,30.3212,COMPLED,-10.8746,16.3605,32.6709,FOLLOW,-11.0125,19.6043,36.7952,FOLLOW,-13.6028,14.7142,15.5891,COMPLED,-10.6064,14.7223,15.5857,COMPLED,-13.6349,14.7913,21.5425,COMPLED,-13.6199,14.8272,24.5170,COMPLED,-16.6452,14.8404,24.5082,COMPLED,-13.6943,14.9864,27.4172,COMPLED,-13.7297,15.1409,30.3102,COMPLED,-13.7790,15.7006,32.9847,FOLLOW,-14.0301,16.6564,35.4041,FOLLOW,-10.9651,17.6012,34.9622,FOLLOW,-16.6064,14.7196,15.5867,COMPLED,-16.6102,14.7305,18.5780,COMPLED,-16.6192,14.7447,21.5646,COMPLED,-19.6771,14.8766,27.4697,COMPLED,-16.6857,14.9344,27.4418,COMPLED,-16.7842,15.2901,33.1859,COMPLED,-16.7808,15.1145,30.3137,COMPLED,-16.9072,15.4607,36.0183,COMPLED,-14.4569,18.2504,37.4182,FOLLOW,-17.7128,19.9911,36.5630,FOLLOW,-16.6060,14.7136,12.5915,COMPLED,-19.6204,14.7379,21.5672,COMPLED,-19.6279,14.7579,24.5488,COMPLED,-22.6122,14.7256,21.3949,COMPLED,-22.6401,14.8026,24.3465,COMPLED,-19.7108,14.9763,30.3924,COMPLED,-19.9625,15.4417,33.0793,COMPLED,-20.1751,15.6844,35.8444,FOLLOW,-22.9016,15.2245,33.0158,COMPLED,-20.5107,16.0385,38.4841,FOLLOW,-19.6058,14.7112,12.5922,COMPLED,-19.6130,14.7180,18.5821,COMPLED,-19.6102,14.7122,15.5882,COMPLED,-22.7253,14.8681,27.2823,COMPLED,-22.7881,14.9866,30.1906,COMPLED
31.000,-4.5992,14.7093,12.5953,COMPLED,1.4015,14.7225,15.5888,COMPLED,-1.5995,14.7075,12.5959,COMPLED,1.4236,14.7544,18.5715,COMPLED,1.4008,14.7075,12.5959,COMPLED,-1.5435,14.8456,27.5025,COMPLED,1.4596,14.8182,27.5140,COMPLED,1.4396,14.7689,21.5573,COMPLED,1.4885,14.8478,30.4792,COMPLED,1.6219,15.2318,39.1583,COMPLED,1.5356,15.1171,36.2816,COMPLED,-4.5990,14.7128,15.5925,COMPLED,-1.5989,14.7225,15.5888,COMPLED,-1.5883,14.7702,21.5609,COMPLED,-1.5880,14.7471,18.5755,COMPLED,1.4296,14.7872,24.5438,COMPLED,-1.5789,14.7909,24.5434,COMPLED,1.4720,14.9466,33.4136,COMPLED,-1.5581,15.6146,36.0261,COMPLED,-4.3626,17.6458,37.9153,FOLLOW,-7.6004,14.7093,12.5953,COMPLED,-4.5986,14.7185,18.5878,COMPLED,-4.5968,14.7486,21.5705,COMPLED,-7.5879,14.7909,24.5441,COMPLED,-4.5806,14.8105,24.5349,COMPLED,-1.5607,14.8893,30.4684,COMPLED,-4.5793,14.8730,27.4941,COMPLED,-1.5383,15.0255,33.3731,COMPLED,-4.5719,15.2650,33.2529,COMPLED,-1.5254,16.5705,38.4517,FOLLOW,-10.6001,14.7075,12.5959,COMPLED,-7.6006,14.7143,15.5919,COMPLED,-7.6009,14.7247,18.5851,COMPLED,-7.6024,14.7688,21.5619,COMPLED,-7.5805,14.8626,27.4990,COMPLED,-4.5871,14.9658,30.4314,COMPLED,-7.6208,15.5077,33.1362,COMPLED,-7.6626,17.5852,37.9487,FOLLOW,-7.6390,16.3166,35.6818,FOLLOW,-4.6196,15.3505,36.1646,COMPLED,-13.6006,14.7075,12.5958,COMPLED,-13.6032,14.7248,18.5850,COMPLED,-10.6092,14.7507,21.5692,COMPLED,-10.6011,14.7441,18.5773,COMPLED,-10.5953,14.8229,24.5301,COMPLED,-10.6305,14.8472,27.5054,COMPLED,-10.6517,14.9801,30.4221,COMPLED,-7.6075,14.9653,30.4318,COMPLED,-10.7657,15.7036,33.0393,COMPLED,-10.8489,17.6611,37.9074,FOLLOW,-13.6017,14.7101,15.5934,COMPLED,-10.6038,14.7150,15.5914,COMPLED,-13.6211,14.7566,21.5653,COMPLED,-13.6120,14.7783,24.5499,COMPLED,-16.6273,14.7862,24.5446,COMPLED,-13.6569,14.8743,27.4897,COMPLED,-13.6783,14.9676,30.4251,COMPLED,-13.7080,15.3053,33.2287,COMPLED,-13.8596,15.8821,35.8783,FOLLOW,-10.8203,16.4523,35.6117,FOLLOW,-16.6038,14.7133,15.5920,COMPLED,-16.6062,14.7199,18.5867,COMPLED,-16.6116,14.7285,21.5786,COMPLED,-19.6465,14.8081,27.5214,COMPLED,-16.6517,14.8430,27.5045,COMPLED,-16.7112,15.0576,33.3501,COMPLED,-16.7091,14.9517,30.4272,COMPLED,-16.7854,15.1606,36.2489,COMPLED,-14.1171,16.8441,38.2834,FOLLOW,-17.2715,17.8945,37.7673,FOLLOW,-16.6037,14.7097,12.5949,COMPLED,-19.6123,14.7244,21.5802,COMPLED,-19.6168,14.7364,24.5691,COMPLED,-22.6074,14.7170,21.4049,COMPLED,-22.6242,14.7634,24.3756,COMPLED,-19.6669,14.8682,30.4747,COMPLED,-19.8187,15.1491,33.2858,COMPLED,-19.9471,15.2956,36.1440,COMPLED,-22.7820,15.0180,33.1760,COMPLED,-20.1496,15.5092,38.9266,FOLLOW,-19.6035,14.7083,12.5953,COMPLED,-19.6078,14.7124,18.5892,COMPLED,-19.6062,14.7088,15.5929,COMPLED,-22.6756,14.8029,27.3369,COMPLED,-22.7135,14.8745,30.2816,COMPLED
31.500,-4.5995,14.7071,12.5972,COMPLED,1.4009,14.7151,15.5933,COMPLED,-1.5997,14.7060,12.5975,COMPLED,1.4142,14.7343,18.5828,COMPLED,1.4005,14.7060,12.5975,COMPLED,-1.5659,14.7894,27.5412,COMPLED,1.4360,14.7728,27.5481,COMPLED,1.4239,14.7431,21.5742,COMPLED,1.4534,14.7907,30.5271,COMPLED,1.5339,15.0224,39.3334,COMPLED,1.4818,14.9532,36.4078,COMPLED,-4.5994,14.7092,15.5954,COMPLED,-1.5993,14.7151,15.5933,COMPLED,-1.5929,14.7439,21.5764,COMPLED,-1.5927,14.7299,18.5852,COMPLED,1.4179,14.7542,24.5661,COMPLED,-1.5873,14.7563,24.5658,COMPLED,1.4434,14.8503,33.4875,COMPLED,-1.5747,15.2534,36.2537,COMPLED,-4.4568,16.4792,38.5833,FOLLOW,-7.6002,14.7071,12.5972,COMPLED,-4.5992,14.7127,18.5926,COMPLED,-4.5981,14.7308,21.5822,COMPLED,-7.5927,14.7564,24.5663,COMPLED,-4.5883,14.7682,24.5607,COMPLED,-1.5763,14.8157,30.5206,COMPLED,-4.5875,14.8059,27.5361,COMPLED,-1.5627,14.8979,33.4631,COMPLED,-4.5831,15.0425,33.3905,COMPLED,-1.5550,15.8303,38.9070,FOLLOW,-10.6001,14.7060,12.5975,COMPLED,-7.6003,14.7101,15.5951,COMPLED,-7.6005,14.7164,18.5910,COMPLED,-7.6014,14.7430,21.5770,COMPLED,-7.5882,14.7996,27.5391,COMPLED,-4.5922,14.8619,30.4983,COMPLED,-7.6125,15.1889,33.3201,COMPLED,-7.6378,16.4426,38.6035,FOLLOW,-7.6235,15.6771,36.0459,COMPLED,-4.6118,15.0941,36.3373,COMPLED,-13.6004,14.7060,12.5975,COMPLED,-13.6019,14.7165,18.5909,COMPLED,-10.6056,14.7321,21.5814,COMPLED,-10.6007,14.7281,18.5863,COMPLED,-10.5972,14.7757,24.5578,COMPLED,-10.6184,14.7904,27.5429,COMPLED,-10.6312,14.8705,30.4927,COMPLED,-7.6045,14.8616,30.4985,COMPLED,-10.7000,15.3071,33.2616,COMPLED,-10.7502,16.4884,38.5786,FOLLOW,-13.6010,14.7076,15.5960,COMPLED,-10.6023,14.7105,15.5948,COMPLED,-13.6127,14.7357,21.5791,COMPLED,-13.6073,14.7488,24.5698,COMPLED,-16.6165,14.7535,24.5666,COMPLED,-13.6343,14.8067,27.5334,COMPLED,-13.6472,14.8630,30.4944,COMPLED,-13.6652,15.0668,33.3759,COMPLED,-13.7566,15.4149,36.1645,COMPLED,-10.7330,15.7589,36.0036,FOLLOW,-16.6023,14.7096,15.5952,COMPLED,-16.6037,14.7135,18.5920,COMPLED,-16.6070,14.7187,21.5871,COMPLED,-19.6281,14.7667,27.5526,COMPLED,-16.6312,14.7878,27.5424,COMPLED,-16.6671,14.9173,33.4492,COMPLED,-16.6659,14.8534,30.4957,COMPLED,-16.7119,14.9794,36.3882,COMPLED,-13.9120,15.9954,38.8055,FOLLOW,-17.0053,16.6293,38.4940,FOLLOW,-16.6022,14.7074,12.5969,COMPLED,-19.6074,14.7162,21.5881,COMPLED,-19.6102,14.7235,24.5814,COMPLED,-22.6044,14.7117,21.4109,COMPLED,-22.6146,14.7398,24.3932,COMPLED,-19.6404,14.8030,30.5244,COMPLED,-19.7320,14.9725,33.4104,COMPLED,-19.8094,15.0609,36.3248,COMPLED,-22.7099,14.8934,33.2728,COMPLED,-19.9316,15.1898,39.1936,COMPLED,-19.6021,14.7065,12.5972,COMPLED,-19.6047,14.7090,18.5935,COMPLED,-19.6037,14.7068,15.5957,COMPLED,-22.6456,14.7636,27.3698,COMPLED,-22.6685,14.8068,30.3365,COMPLED
32.000,-4.5997,14.7058,12.5983,COMPLED,1.4006,14.7106,15.5959,COMPLED,-1.5998,14.7051,12.5985,COMPLED,1.4086,14.7222,18.5896,COMPLED,1.4003,14.7051,12.5985,COMPLED,-1.5794,14.7555,27.5645,COMPLED,1.4217,14.7455,27.5687,COMPLED,1.4144,14.7275,21.5844,COMPLED,1.4322,14.7562,30.5560,COMPLED,1.4808,14.8961,39.4391,COMPLED,1.4494,14.8543,36.4840,COMPLED,-4.5996,14.7071,15.5973,COMPLED,-1.5996,14.7106,15.5959,COMPLED,-1.5957,14.7280,21.5857,COMPLED,-1.5956,14.7196,18.5911,COMPLED,1.4108,14.7342,24.5795,COMPLED,-1.5923,14.7355,24.5794,COMPLED,1.4262,14.7922,33.5321,COMPLED,-1.5847,15.0355,36.3910,COMPLED,-4.5136,15.7752,38.9865,FOLLOW,-7.6001,14.7058,12.5983,COMPLED,-4.5995,14.7091,18.5956,COMPLED,-4.5988,14.7201,21.5893,COMPLED,-7.5956,14.7355,24.5796,COMPLED,-4.5929,14.7426,24.5763,COMPLED,-1.5857,14.7714,30.5521,COMPLED,-4.5925,14.7654,27.5614,COMPLED,-1.5775,14.8209,33.5174,COMPLED,-4.5898,14.9082,33.4736,COMPLED,-1.5728,15.3836,39.1818,COMPLED,-10.6000,14.7052,12.5985,COMPLED,-7.6002,14.7076,15.5971,COMPLED,-7.6003,14.7114,18.5946,COMPLED,-7.6009,14.7275,21.5861,COMPLED,-7.5929,14.7616,27.5632,COMPLED,-4.5953,14.7992,30.5386,COMPLED,-7.6076,14.9966,33.4311,COMPLED,-7.6228,15.7531,38.9987,FOLLOW,-7.6142,15.2911,36.2656,COMPLED,-4.6071,14.9393,36.4414,COMPLED,-13.6002,14.7052,12.5985,COMPLED,-13.6012,14.7114,18.5945,COMPLED,-10.6034,14.7209,21.5888,COMPLED,-10.6004,14.7185,18.5917,COMPLED,-10.5983,14.7472,24.5745,COMPLED,-10.6111,14.7560,27.5656,COMPLED,-10.6188,14.8044,30.5352,COMPLED,-7.6027,14.7990,30.5387,COMPLED,-10.6604,15.0679,33.3958,COMPLED,-10.6906,15.7808,38.9836,FOLLOW,-13.6006,14.7061,15.5976,COMPLED,-10.6014,14.7079,15.5969,COMPLED,-13.6077,14.7230,21.5874,COMPLED,-13.6044,14.7309,24.5818,COMPLED,-16.6099,14.7338,24.5798,COMPLED,-13.6207,14.7659,27.5598,COMPLED,-13.6285,14.7999,30.5363,COMPLED,-13.6393,14.9229,33.4648,COMPLED,-13.6945,15.1329,36.3372,COMPLED,-10.6802,15.3405,36.2401,COMPLED,-16.6014,14.7073,15.5971,COMPLED,-16.6023,14.7097,18.5952,COMPLED,-16.6042,14.7128,21.5922,COMPLED,-19.6169,14.7418,27.5714,COMPLED,-16.6188,14.7545,27.5652,COMPLED,-16.6405,14.8326,33.5090,COMPLED,-16.6397,14.7941,30.5371,COMPLED,-16.6675,14.8701,36.4722,COMPLED,-13.7883,15.4832,39.1205,COMPLED,-16.8446,15.8658,38.9326,FOLLOW,-16.6013,14.7059,12.5981,COMPLED,-19.6045,14.7113,21.5928,COMPLED,-19.6061,14.7157,24.5888,COMPLED,-22.6027,14.7086,21.4145,COMPLED,-22.6088,14.7255,24.4039,COMPLED,-19.6244,14.7637,30.5544,COMPLED,-19.6797,14.8660,33.4856,COMPLED,-19.7264,14.9193,36.4339,COMPLED,-22.6663,14.8182,33.3312,COMPLED,-19.8001,14.9971,39.3548,COMPLED,-19.6013,14.7054,12.5983,COMPLED,-19.6029,14.7069,18.5961,COMPLED,-19.6022,14.7056,15.5974,COMPLED,-22.6275,14.7399,27.3897,COMPLED,-22.6413,14.7660,30.3696,COMPLED
